Client,Project,Status,Amount (VAT-Ex.) (PHP),Amount (VAT-Ex.) (USD),Quick Remarks,Sign Date,Source,BD,AM,PM,MKT,Project Code,Signed CE (PDF),Internal CE (Sheet),VAT%,Amount (VAT-Inc.),GP%,GP,Invoice(s),Payment Dates,Other Attachments,Other Links,RFP Received Date,Tribe,Year,Month,Project Start,Project End,AM Weight,AM Lookup,Weighted Amount (PHP),Weighted Amount (USD),Lead Phase,Lead Date,% Collected,Amount Collected (PHP),PAR,Tags,Amount Invoiced (PHP)
Don Bosco,Mineski Outpost - Don Bosco Alumni 2001,Collected - For Closing,33482.14,$587.41,"Jan 19: Submission of Pitch and CE (5PM)
Jan 20-21: Pitch Presenation
Jan 24: Execution 
Feb 9: Invoice request submitted and waiting for Finance to acknowledge.",,,Christine Joyce Jimenez Cahigas,Alvaro Miguel Dela Vega Santos,Anteaus Villena,,2026TEG-P0017,PDEI x AMD x AsRock Sponsorship Agreement 21012026 signed.pdf,,12%,"37,500.00",0.1,"3,348.21",,,Don Bosco 2001 x Mineski Global.pdf,,2026/01/06,IP,2026,01-01,2026/01/24,2026/01/24,100%,Account Director,"₱33,482.14",$587.41,,,1,"37,500.00",,"Don Bosco,Outpost,Event",37500
Dragon AI Media,GG Truck KIS4 HoK,Collected - For Closing,62500,"$1,096.49","April 27: CE Signed by Jati. Pushing for collection this week. 
May 4: Mineski ID started processing. Timeline 1 week.",2026/02/03,,,Alvaro Miguel Dela Vega Santos,,,2026TEG-P0036,,,12%,"70,000.00",0.137,"8,562.50",,,,,2026/02/03,PDEI - Tencent,2026,02-01,2026/02/06,2026/02/08,100%,Account Director,"₱62,500.00","$1,096.49",,,1,"70,000.00",202602050062,"Dragon AI,GGTruck",62500
Land Registration Systems Inc ,AVP Production for Land Registration Systems Inc,Collected - For Closing,311062.5,"$5,457.24","Mar 3: Awarded. Awaiting signed CE
Mar 9: Expected DP
March 26: Collected DP
April 6: For Final Invoicing 
April 30: Target Final Payment
April 23: Carlos updated that the bottleneck is in their finance and he will now escalate this to their processor as this has been long overdue
May 8: Balance payment collected
May 11: For sending of hard copy of documents as requested.",2026/03/03,,Marinella M. Casabuena,Shanna Mae Alindada Sacsi,Ronelle Kylene Chaneco Lim,,2026TEG-P0054,[LARES x Mineski] Final Conforme (2026.03.05) (1).pdf,https://docs.google.com/spreadsheets/d/1n6NYsWbb9XMpFRYoaBcRfQ2rJm1J2xW3mh0oLa-gX48/edit?gid=480848512#gid=480848512,12%,"348,390.00",0.4053,"126,073.63",,,,DECK - https://docs.google.com/presentation/d/1qU3b2amqZsnzU6ZzNQmrRyOeVTSvy3FRTRkJEko4sHM/edit?usp=sharing,2026/02/13,PDEI - Marketing,2026,03-01,2026/03/09,2026/03/20,100%,Account Associate,"₱311,062.50","$5,457.24",4 - ITQ/RFQ/RFP,2026/02/16,1,"348,390.00",202603040036,AVP,"243873,104517"
BingoPlus,Panalo Caravan Festival,Collected - For Closing,6.67964e+06,"$117,186.67",Awaiting reply,2025/09/16,Dar,Kewen Ysan Tolentino Sy,Erika Anne Rous Punzalan,,,2025TEG-P0216,,https://docs.google.com/spreadsheets/d/13ZKGXd73vAS5RnHnpUdfjKh2IJxk8pfdBx95yfXA51k/edit?usp=sharing,0%,"6,679,640.00",0.327,"2,184,242.28",,,,,,PDEI - Marketing,2025,,,,,,,,,,1,"6,679,640.00",,"BingoPlus,Caravan",
BingoPlus,Alan Walker - Talent Booking for Music Fest,Collected - For Closing,4.35e+07,"$763,157.89",,,Dar,Dar,Erika Anne Rous Punzalan,,,2025TEG-P0260,,https://docs.google.com/spreadsheets/d/177B70dgJNY-M_0e3rStG_QeopDKAfgjv/edit?usp=sharing&ouid=107127916459739838747&rtpof=true&sd=true,0%,"43,500,000.00",0,0.00,,,,,,PDEI - Marketing,2025,,,,,,,,,,1,"43,500,000.00",,"BingoPlus,Concert",
CCAP (Contact Center Assoc. of the Philippines),CXTreme MLBB Tournament,Collected - For Closing,1.55072175e+06,"$27,205.64","Aug 1: Awarded; Revising payment terms and dates.
Aug 6:  Awaiting feedback from client; PDEI to check if amenable with terms
Dec 2: Pre-prod meeting with CCAP team
Dec 6-7: Round 1 of CCAP done. 
Dec 8: For preparation for next run (jan 17-18)
Dec 16: Next Payment is on Feb 9",2025/08/02,Hax,Kirk Terrence Agcaoili,Shanna Mae Alindada Sacsi,,,2025TEG-P0121,CE_ 2025TEG-P0121 CCAP x Globe Business MLBB 2025 - FINAL QUOTATION PESO V3 HIGH.pdf,https://docs.google.com/spreadsheets/d/1g3U5mYIVReJxOEKRyOrsNs9gyLdKZGAIaKnoWDY5vAU/edit?usp=sharing,12%,"1,736,808.36",0.104,"161,275.06",,"20% - Aug 15 - 347,361.67
50% - Oct 13 - 868,404.18
30% - Feb 9 - 521,042.50",,,,PDEI - Esports,2025,,,,100%,Account Associate,"₱1,550,721.75","$27,205.64",,,1,"1,736,808.36",,"CCAP,Tournament",
"CIGNAL TV, INC.",UAAP ESports S87 Peripherals Addendum,Collected - For Closing,1.96428571428571e+06,"$34,461.15",Checking,2025/08/29,Mineski,Vince,Alvaro Miguel Dela Vega Santos,,,,,,12%,"2,200,000.00",,,,,,,,PDEI - Esports,2025,,,,100%,Account Director,"₱1,964,285.71","$34,461.15",,,1,"2,200,000.00",,"CIGNAL,UAAP,Addendum",
DIGITAL TRIGGER DIGITAL MEDIA INC,BuzzOne - C-Vitt Brand Activation,Collected - For Closing,2.38443897e+06,"$41,832.26","Dec 2: Invoice for balance payment sent
March 27: DP Collected",2025/05/08,Vince,Marinella M. Casabuena,Shanna Mae Alindada Sacsi,,,2025TEG-P0135,[SIGNED] V2 - [Mineski x BuzzOne C-VITT] - QUOTATION [PHP].pdf,https://docs.google.com/spreadsheets/d/1XtIUqRwut5dChCuCcnphr1dwTcGozhoFsLsZhjA7u5w/edit?usp=sharing,12%,"2,670,571.65",0.167,"398,201.31",PDEI SI3 363_50% DP C-Vitt Brand Activation.pdf,"May 31, 2025
September 20, 2025",,,,PDEI - Marketing,2025,,,,100%,Account Associate,"₱2,384,438.97","$41,832.26",,,0,0.00,202505070018,Booth,1175436.98
Don Bosco,Mineski Outpost - Don Bosco Alumni AMD X-Deal,Collected - For Closing,33482.1428571429,$587.41,,,,Christine Joyce Jimenez Cahigas,Alvaro Miguel Dela Vega Santos,Anteaus Villena,,2026TEG-P0018,,,12%,"37,500.00",0,0.00,,,,,2026/01/06,PDEI - Marketing,2026,01-01,2026/01/24,2026/01/24,100%,Account Director,"₱33,482.14",$587.41,,,1,"37,500.00",,"Don Bosco,Outpost,Event,X-Deal",33482.14
Federal Land,MET Park Fitness Weekend Run,Collected - For Closing,268143.75,"$4,704.28",Sep 30: Client said Oct 9 payment,2025/07/16,,Marinella M. Casabuena,Shanna Mae Alindada Sacsi,,,2025TEG-P0204,,https://docs.google.com/spreadsheets/d/1TB9bBeYy2doaWPL5-uR1tBei41UNKSxqVH6GhyZ9aKI/edit?usp=sharing,12%,"300,321.00",0.204,"54,701.32",,,,,,PDEI - Marketing,2025,,,,100%,Account Associate,"₱268,143.75","$4,704.28",,,1,"300,321.00",,"Federal Land,Event",
Federal Land,Met Park: Rainy Day Tails Pet Party,Collected - For Closing,308030.91,"$5,404.05",,2025/08/22,Erika,,Shanna Mae Alindada Sacsi,,,2025TEG-P0190,,https://docs.google.com/spreadsheets/d/1KWLKKRjimcfZ87tGPnngy8Dud8WfkDdM47dE432g_1g/edit?usp=sharing,12%,"344,994.62",0.139,"42,816.30",,,,,,PDEI - Marketing,2025,,,,100%,Account Associate,"₱308,030.91","$5,404.05",,,1,"344,994.62",,"Federal Land,Event",
Jobstreet,Jobstreet Umbrella Production,Collected - For Closing,51485.36,$903.25,"April 7: Umbrellas ETA April 10
Apr.14: Delivery to client by April 21 
April 21: Delivered to client, for invoicing",,,,"Carlos Roberto Francisco, David, IV Coscolluela",Clifford Markus Ortiz Martinez,,2026TEG-P0002,Signed JSPH x Pillar Ecommerce Digital Inc. (MINESKI GLOBAL)_Umbrella Production.pdf,https://docs.google.com/spreadsheets/d/1UT2pczppiap0tcVk3FnI_BbA1-I2whxPQfBVugeAaY0/edit?usp=sharing,12%,"57,663.60",0.0909,"4,680.02",,,,,2026/01/06,PDEI - Marketing,2026,01-01,2026/01/09,2026/03/06,100%,Account Associate,"₱51,485.36",$903.25,,,1,"57,663.60",202601090043,"Jobstreet,Merchandise",57663.61
Mineski ID,KIS4 Rebroadcast,Collected - For Closing,2.464e+06,"$43,228.07",COLLECTED,,Mineski ID,,Carla Andrea Calma Crespo,Frances Angelita Arreglado,,2026TEG-P0007,,,0%,"2,464,000.00",0.37,"911,680.00",,,,,2026/01/05,PDEI - Tencent,2026,01-01,2026/01/28,2026/02/08,100%,Account Associate,"₱2,464,000.00","$43,228.07",,,1,"2,464,000.00",202601190092,"Tencent,Broadcast",0
Mineski ID,KIS4 IT Services,Collected - For Closing,1.14e+06,"$20,000.00","COLLECTED
[May 8] Payment Received
[May 7] Paid accd. to Fahmi. Waiting to receive.
[May 5] Asked Cindy if this could be expedited; no response
[May 4] Confirmed with ID; payment is filed on their end (1 week before payment is received)
[Apr 28] Invoice sent to ID",,Mineski ID,,Carla Andrea Calma Crespo,Frances Angelita Arreglado,,2026TEG-P0008,QUOTATION SIGNED - KIS 4 IT Services.pdf,,0%,"1,140,000.00",0.5,"570,000.00",,,,,2026/01/05,PDEI - Tencent,2026,01-01,2026/01/28,2026/02/08,100%,Account Associate,"₱1,140,000.00","$20,000.00",,,0,0.00,202601060161,"Tencent,HOK - KIS4,IT",1262307.1800000002
Mineski PH,Beyblade IP Tournament,Collected - For Closing,39650,$695.61,,2026/02/23,,,aloboy,Maura Aurel Atilano Yap,Alessandra Mae Villanueva Boado,2026TEG-P0038,,,0%,"39,650.00",0.19778058,"7,842.00",,,,,2026/02/16,IP,2026,02-01,2026/02/10,2026/02/20,,,,,,,0.19778058,"7,842.00",202602160060,"IP,Tournament",
Moonton Philippines Technology Inc.,MPL PH S16 Addendum,Collected - For Closing,1.89929565178571e+06,"$33,320.98","This is a running CE, will finalize by end of regular season (oct 12)",2025/10/27,,,Marcus Joaquin Viray Gonzales,,,2025TEG-P0269,,,12%,"2,127,211.13",0.287,"545,097.85",,,,,2025/09/16,PDEI - Moonton,2025,,,,100%,Senior Account Manager,"₱1,899,295.65","$33,320.98",,,1,"2,127,211.13",,"Moonton,ML,MPL,Addendum,Tournament",
Pilipinas E-Sports Organization Inc.,PESO National Grassroots Program - Caloocan,Collected - For Closing,251237.51,"$4,407.68","Mar 3: For internal briefing
Apr 7: Won
Apr 27: Collected ",2026/04/07,Alo,,Shanna Mae Alindada Sacsi,,,2026TEG-P0089,Signed CE_2026TEG-P0089 PESO NGP 1 - Caloocan.pdf,https://docs.google.com/spreadsheets/d/1Wv4dAoTx6QAnsq7uVD2T3d9nIsM8S51bfT2-TRH0gNQ/edit?usp=sharing,12%,"281,386.01",0.217,"54,518.54",,,,,2026/02/23,PDEI - Esports,2026,04-01,2026/04/06,2026/04/30,100%,Account Associate,"₱251,237.51","$4,407.68",,,1,"281,386.01",202604160044,"PESO,Tournament","103458.98,103458.98"
Pilipinas E-Sports Organization Inc.,PESO MLBB Asian Games Broadcast,Collected - For Closing,103868,"$1,822.25",,2026/03/10,Alo,,aloboy,Maura Aurel Atilano Yap,Alessandra Mae Villanueva Boado,2026TEG-P0075,SIGNED  - - CE_2026TEG-P0075 PESO Asian Games Broadcast - QUOTATION PESO v2 (Aut.pdf,https://docs.google.com/spreadsheets/d/1XqYYDY5ciZRdDKn6O-enqu_4jOZ7iPRZICbcQaCFYrM/edit?usp=sharing,12%,"116,332.16",0.2123,"22,051.18",,,,,2026/03/09,PDEI - Esports,2026,03-01,2026/03/14,2026/03/15,,,,,,,1,"116,332.16",202603110079,"PESO,Broadcast","58166.08,58166.08"
RaizeSquadPH,RaizeSquad GG Truck Rental,Collected - For Closing,18303.5714285714,$321.12,,2026/04/15,,,Marcus Joaquin Viray Gonzales,JP dela Peña,,2026TEG-P0098,,,12%,"20,500.00",0.3,"5,491.07",,,,,2026/04/15,PDEI - Moonton,2026,04-01,2026/04/18,2026/04/18,100%,Senior Account Manager,"₱18,303.57",$321.12,,,1,"20,500.00",,GG Truck,18303.57
SM Prime Holdings Inc.,SM Cyberzone Tabletop Throwdown,Collected - For Closing,2.71648454e+06,"$47,657.62","Jan 27: Awarding sometime this week. Client to finalize.
Jan 30: Last day of Kiel. Project is handed over to Pao. 
Feb 2: As per Dana (their procurement), CE is still under review
Feb 9: Won
March 28-29: Execution Break Date 
April 13: Nudged the code for invoicing from client's system
April 21: Aligned with SM's accounting on the amount and coupa process
April 23: For filing in Coupa (awaiting invoice)
May 8: Collected",2026/02/06,,,Shanna Mae Alindada Sacsi,Alessandra Mae Villanueva Boado,,2025TEG-P0278,"CE_2025TEG-P0278 SM Cyberzone TCG x Challenger Series Addendum.pdf,[4.8] CE_2025TEG-P0278 SM Cyberzone TCG x Challenger Series.pdf",https://docs.google.com/spreadsheets/d/1JW69zDQ4bh1bZcU3xjEVIFAINSze7q6_Fd0yrfBgakA/edit?gid=253769181#gid=253769181,12%,"3,042,462.68",0.202,"548,729.88",,,,DECK - https://docs.google.com/presentation/d/1nwx76_MwHPbbYG857lseCIDDN1RlQuLAHo5zT4Gx4WE/edit?usp=sharing,2025/12/15,PDEI - Esports,2026,02-01,2026/03/07,2026/04/19,100%,Account Associate,"₱2,716,484.54","$47,657.62",,,,,202602090082,"SM,SM Cyberzone,Event,Tournament","2959126.87,1200000"
SM Prime Holdings Inc.,Addendum - SM Cyberzone Tabletop Throwdown,Collected - For Closing,14061.6,$246.69,"Feb 25: Approved in DONA 
April 21: Aligned with SM's accounting on the amount and coupa process
April 23: For filing in Coupa (awaiting invoice)
May 8: Collected",2026/02/20,,,Shanna Mae Alindada Sacsi,Alessandra Mae Villanueva Boado,,2026TEG-P0053,CE_2025TEG-P0278 SM Cyberzone TCG x Challenger Series.pdf,https://docs.google.com/spreadsheets/d/1JW69zDQ4bh1bZcU3xjEVIFAINSze7q6_Fd0yrfBgakA/edit?usp=sharing,12%,"15,748.99",0.282,"3,965.37",,,,,2026/01/01,PDEI - Esports,2026,02-01,2026/03/07,2026/03/29,100%,Account Associate,"₱14,061.60",$246.69,,,,,202602270013,"SM,SM Cyberzone,Event,Tournament,Addendum",15748.99
Tencent,HOK PKL,Collected - For Closing,2.129469868e+07,"$373,591.20",Sep 29: Get update from ID,2025/09/02,Nate,Vince,Alvaro Miguel Dela Vega Santos,Juvie Anne Asis Castres,,2025TEG-P0219,,,0%,"21,294,698.68",0.15,"3,194,204.80",,,,,,PDEI - Esports,2025,,,,100%,Account Director,"₱21,294,698.68","$373,591.20",,,1,"21,294,698.68",,"Tencent,HOK,PKL,Tournament",
Tencent,HOK KIC,Collected - For Closing,4.12629168e+07,"$723,910.82",Sep 29: Get update from ID,2025/09/29,Mineski,,Alvaro Miguel Dela Vega Santos,Juvie Anne Asis Castres,,2025TEG-P0286,,,0%,"41,262,916.80",0.15,"6,189,437.52",,,,,2025/08/18,PDEI - Tencent,2025,,,,100%,Account Director,"₱41,262,916.80","$723,910.82",,,0.5,"20,631,458.40",,"Tencent,HOK,KIC,Tournament",
Tencent,KIC 2025 - OOH,Collected - For Closing,747040,"$13,105.96","Oct 28: Awarded
Dec 4: Closing; for payment",2025/10/27,Jatti,Marinella M. Casabuena,Alvaro Miguel Dela Vega Santos,Juvie Anne Asis Castres,,,,,0%,"747,040.00",0.15,"112,056.00",,,,,2025/09/02,PDEI - Tencent,2025,,,,100%,Account Director,"₱747,040.00","$13,105.96",,,1,"747,040.00",,"Tencent,HOK,KIC,OOH",
Tencent,KIC 2025 - KOL,Collected - For Closing,2.01602e+06,"$35,368.77",Sep 29: Get update from ID,2025/09/29,Mineski,,Alvaro Miguel Dela Vega Santos,Juvie Anne Asis Castres,,2025TEG-P0318,,,0%,"2,016,020.00",0.15,"302,403.00",,,,,,PDEI - Tencent,2025,,2025/11/14,2025/11/30,100%,Account Director,"₱2,016,020.00","$35,368.77",,,1,"2,016,020.00",202511190052,"Tencent,HOK,KIC,KOL",
Tencent,KIC 2025 - Hotel Accommodation,Collected - For Closing,5.2e+06,"$91,228.07",,2025/10/27,,,Alvaro Miguel Dela Vega Santos,Juvie Anne Asis Castres,,2025TEG-P0294,,,0%,"5,200,000.00",0.15,"780,000.00",,,,,,PDEI - Tencent,2025,,,,100%,Account Director,"₱5,200,000.00","$91,228.07",,,1,"5,200,000.00",,"Tencent,HOK,KIC,Hotel",
Tencent,KIC 2025 - Venue,Collected - For Closing,5.33e+06,"$93,508.77",,2025/10/27,,,Alvaro Miguel Dela Vega Santos,Juvie Anne Asis Castres,,2025TEG-P0291,,,0%,"5,330,000.00",0.15,"799,500.00",,,,,,PDEI - Tencent,2025,,,,100%,Account Director,"₱5,330,000.00","$93,508.77",,,1,"5,330,000.00",,"Tencent,HOK,KIC,Venue",
Tencent,CFL Southeast Asia Public Test – Five-Country Celebrity Challenge,Collected - For Closing,3.48e+06,"$61,052.63",Collected,2025/12/02,Jatti,Kewen Ysan Tolentino Sy,Carla Andrea Calma Crespo,,,2025TEG-P0322,CE_2025TEG-P0322 - CFL Mobile PH Launch 2025 Quotation copy.pdf,https://docs.google.com/spreadsheets/d/1_y1InpJs7-sFrA4cnHWHl9X2U_yg_IyosaPYMvGCE9o/edit?usp=sharing,0%,"3,480,000.00",0.2547,"886,356.00",,,,,2025/11/21,PDEI - Marketing,2025,,2025/12/16,2025/12/16,100%,Account Associate,"₱3,480,000.00","$61,052.63",,,1,"3,480,000.00",202512090150,"Level Infinite,CFL",
Tencent,CFL Southeast Asia Games - Addendum,Collected - For Closing,296348.1,"$5,199.09",Collected,,,,Carla Andrea Calma Crespo,,,2025TEG-P0344,,,0%,"296,348.10",0.3,"88,904.43",,,,,2026/01/09,PDEI - Tencent,2025,,2025/12/14,2025/12/16,100%,Account Associate,"₱296,348.10","$5,199.09",,,1,"296,348.10",202512160101,"Level Infinite,CFL,Addendum",
Infinitech Digital Gaming Corporation,SportsPlus Roadtrip Watch Party,For Collection - Invoice Sent,2.573355e+06,"$45,146.58","Dec 2: To check with Jean
Jan 27: Kickoff meeting with Internal Team ;To submit proposal by Jan 30 (Fri).
Feb 2: Final DRT
Feb 2: Proposal Deck submitted to the client
Mar 3: For on-site meeting this week
April 27: SJDM Execution. 
Aligned with VP Sales Vince with possible upsell opportunities with SP+ Live in Bars and Local areas.  Also, opening the discussion for the Live stream on the next location of activation. 
April 30: upcoming Batangas Execution
May 2: Executed Filoil Arena 
May 4: Confirming next runs and schedule for the month of May. Addendum CE to be billed monthly. For filing",2026/03/24,,Vince,Alvaro Miguel Dela Vega Santos,Kervin,,2026TEG-P0028,EXT_SportsPlus_x_MPBL_Activation_and_Festival_2026_03_12_SIGNED.pdf,https://docs.google.com/spreadsheets/d/1g3jOxcQqC_t-qgNsOBSWKM2nk1bsQbFgTTamvuoI1v4/edit?usp=sharing,0%,"2,573,355.00",0.4624,"1,189,919.35",,,MPBL Notes-Short brief.pdf,DECK - https://docs.google.com/presentation/d/1Jq_Q6jalZ57SpMCjjMDyLHl9HrgFYVtL8zJcU8s6H8A/edit?usp=sharing,2025/11/14,PDEI - Marketing,2026,04-01,2026/03/25,2026/05/11,90%,Account Director,"₱2,316,019.50","$40,631.92",,,0.5,"1,286,677.50",202603240070,SportsPlus,"772006.5,1801348.5"
Jobstreet,Jobstreet LevelUp Tournament Addendum,For Collection - Invoice Sent,92000,"$1,614.04","April 7: Invoice Sent
April 27: Bumped for payment",2026/01/15,,,"Carlos Roberto Francisco, David, IV Coscolluela",,,2025TEG-P0341,SIGNED --- For Signature JSPH x Pillar Ecommerce Digital Inc. (MINESKI GLOBAL)_ .pdf,https://docs.google.com/spreadsheets/d/1itX5WTsUFhP-Z9i0duFDWI7yWhLEFizPNArNWUEbU9Y/edit?usp=sharing,12%,"103,040.00",0.3,"27,600.00",,,,,2026/01/28,PDEI - Esports,2026,01-01,2026/02/21,2026/02/22,90%,Account Associate,"₱82,800.00","$1,452.63",,,0.5,"51,520.00",202601300013,"Tournament, Addendum",103040
Alika Company Limited,The Ragnarok Phase 9,For Collection - Invoice Sent,96900,"$1,700.00",Awaiting signed CE and proof of payments from Jaseem,2025/09/15,Jaseem,Vince,Shanna Mae Alindada Sacsi,Anteaus Villena,,2025TEG-P0161,CE_ 2025TEG-P0161 Ragnarok Phase 9.pdf,https://docs.google.com/spreadsheets/d/10WQ5NY7DO4FZMxxOLb0unlR-58gifxaFBlgpwKnIthI/edit?usp=sharing,0%,"96,900.00",,,,,,,,PDEI - Marketing,2025,,,,90%,Account Associate,"₱87,210.00","$1,530.00",,,0,0.00,202506040161,"Ragnarok,KOL",96900
Alika Company Limited,The Ragnarok Phase 8,For Collection - Invoice Sent,125400,"$2,200.00",,,,,Shanna Mae Alindada Sacsi,Anteaus Villena,,2025TEG-P0136,CE_2025TEG-P0136 The Ragnarok Phase 8 (1).pdf,https://docs.google.com/spreadsheets/d/1AcqoXkyfwrOxribeUf28DM78gK7Op5SBPcAAFBOdnCQ/edit?usp=sharing,0%,"125,400.00",,,,,,,,PDEI - Marketing,2025,,,,90%,Account Associate,"₱112,860.00","$1,980.00",,,0,0.00,202505090030,"Ragnarok,KOL",125400
Alika Company Limited,Ragnarok V Phase 2,For Collection - Invoice Sent,28500,$500.00,,,,,Shanna Mae Alindada Sacsi,Anteaus Villena,,2025TEG-P0134,CE_2025TEG-P0134 Ragnarok V_ Returns (PHASE 2) (1).pdf,https://docs.google.com/spreadsheets/d/1MH2_lfmDLND4jYgGup1reJtg5cY9rY8LbylIbzHLPiI/edit?usp=sharing,0%,"28,500.00",,,,,,,,PDEI - Marketing,2025,,,,90%,Account Associate,"₱25,650.00",$450.00,,,0,0.00,202505090028,"Ragnarok,KOL",28500
Gamemaster Integrated,GTCC KOL Campaign,For Collection - Invoice Sent,,,,,Mineski,,Alvaro Miguel Dela Vega Santos,,,2025TEG-P0110,,,0%,0.00,,,,,,,,PDEI - Marketing,2025,,,,90%,Account Director,₱0.00,$0.00,,,0,0.00,,"GTCC,KOL",
Infinitech Digital Gaming Corporation,SportsPlus MPBL Fan Zone Opening Day,For Collection - Invoice Sent,1.264333e+06,"$22,181.28","Apr 1: Client sent signed CE through email
April 10: Execution Break Date
April 13: Collecting Post Event Report
April 27: DP Collected",2026/04/06,,Vince,Alvaro Miguel Dela Vega Santos,Kervin,,2026TEG-P0088,,https://docs.google.com/spreadsheets/d/1vavdTr5-gNgIYTqNHS3W4NLEYlyYO54T77BEJRK-tU0/edit?usp=sharing,0%,"1,264,333.00",0.278,"351,484.57",,,,,2026/04/03,PDEI - Marketing,2026,04-01,2026/04/11,2026/04/12,90%,Account Director,"₱1,137,899.70","$19,963.15",,,,,202604060049,SportsPlus,
Jobstreet,Jobstreet LevelUp Tournament Season 2,For Collection - Invoice Sent,678506.9,"$11,903.63","April 7: To send full invoice
April 14: Network test w/ client on April 21
April 22: Scheduling second test next week",,Mineski,Kewen Ysan Tolentino Sy,"Carlos Roberto Francisco, David, IV Coscolluela",Maura Aurel Atilano Yap,,2025TEG-P0211,SIGNED --- For SignatureJSPH x Pillar Ecommerce Digital Inc. (MINESKI GLOBAL)_Q3.pdf,https://docs.google.com/spreadsheets/d/1itX5WTsUFhP-Z9i0duFDWI7yWhLEFizPNArNWUEbU9Y/edit?usp=sharing,12%,"759,927.73",0.136,"92,276.94",,,,,2025/07/01,PDEI - Esports,2026,01-01,2026/02/21,2026/05/30,90%,Account Associate,"₱610,656.21","$10,713.27",,,,,202511040070,"Jobstreet,Tournament",303971.09
Mineski TH,MCGG Rising Stars Season 4 x Elgin,For Collection - Invoice Sent,76635,"$1,344.47","Dec 2: RFQ Received
April 7: Bumped for collection
April 22: Bumped for collection
April 27: Briefing for S5 on April 28",2026/01/30,Farand,Jorge Luis Tesoro,"Carlos Roberto Francisco, David, IV Coscolluela",Clifford Markus Ortiz Martinez,,2025TEG-P0350,2025TEG_P350_CE_MCGG_Rising_Stars_Season_4_x_Elgin_Quotation_6.pdf,https://docs.google.com/spreadsheets/d/1xyfsSvrsXkGVsvXPNZKjkPKoypU5qlzvC5RP0seZr9I/edit?usp=sharing,0%,"76,635.00",0.316,"24,216.66",,,,,2025/12/02,PDEI - Marketing,2026,01-01,2026/01/03,2026/01/10,90%,Account Associate,"₱68,971.50","$1,210.03",,,,,202601050029,"MCGG,KOL",75836.79000000001
Minotaur Advertising Inc,Minotaur x Jollibee GameJoy Launch,For Collection - Invoice Sent,5.43990948e+06,"$95,437.01",,,,Vince,Shanna Mae Alindada Sacsi,Duane Aaron Baret Cadangan,,2025TEG-P0091,CE_2025TEG-P0091_Jollibee GameJoy Launch_SIGNED.pdf,https://docs.google.com/spreadsheets/d/1Jf_HS5mI9_KQ2TLZgYeXGQJWuC3Tw1NnrO1-6my7dsg/edit?usp=sharing,12%,"6,092,698.62",0.146,"794,226.78",,,,,,PDEI - Marketing,2025,,,,90%,Account Associate,"₱4,895,918.53","$85,893.31",,,0.7,"4,264,889.03",202504080039,"Minotaur,Event",2145598.97
Moonton Philippines Technology Inc.,MPL PH S17,For Collection - Invoice Sent,2.888379661e+07,"$506,733.27","April 13: 70% DP Collected 
May 8: 30% FP July 1 expected",2026/02/03,,,Marcus Joaquin Viray Gonzales,Katherine Denise Lee Sy,,2026TEG-P0009,[REVISED] CE-2026TEG-P0009-MPL PH S17.pdf,https://docs.google.com/spreadsheets/d/1TO1l4QgZu9SyxbryM68AwIFA3bOs1KqhbjbsOmyBXPc/edit?usp=sharing,12%,"32,349,852.20",0.2099,"6,062,708.91",,,,,2026/01/05,PDEI - Moonton,2026,02-01,2026/03/15,2026/06/01,90%,Senior Account Manager,"₱25,995,416.95","$456,059.95",,,0.7,"22,644,896.54",202602190021,"Moonton,ML,MPL PH,Tournament","22644896.55,9704955.66"
Moonton Philippines Technology Inc.,MPL PH S17 Addendum (Genset Diesel),For Collection - Invoice Sent,580160,"$10,178.25","Apr 6: Sent invoice for 50% DP to client 
Apr 30: Target collection for 50% DP
May 8: 50% DP, FP on July 1",2026/03/30,,,Marcus Joaquin Viray Gonzales,Katherine Denise Lee Sy,,2026TEG-P0085,CE-2026TEG-P0085-MPL PH S17 Addendum.pdf,https://docs.google.com/spreadsheets/d/1wPgnLLpi1hbpY9t9l9EJr3FNYeQ4WrECK7BTcEaM7Xw/edit?usp=sharing,12%,"649,779.20",0,0.00,,,,,2026/03/02,PDEI - Moonton,2026,04-01,2026/04/02,2026/07/01,90%,Senior Account Manager,"₱522,144.00","$9,160.42",,,0.5,"324,889.60",202603300095,"Moonton,ML,MPL PH,Tournament,Addendum","324889.6,324889.6"
SM Development Corporation,SMDC Heroes Clash Community Arena,For Collection - Invoice Sent,546189.71,"$9,582.28",August 26: Proposal Submitted,2025/09/24,,,"Carlos Roberto Francisco, David, IV Coscolluela",Clifford Markus Ortiz Martinez,,2025TEG-P0247,FULLY SIGNED --- SMDC Heroes Clash Yr 3 CE_ 2025TEG-P0247 - 9_19.pdf,https://docs.google.com/spreadsheets/d/1gGvjfA48zaaBrbN3feH-8NlhaaVomSKMlL6uCLEnYco/edit?gid=0#gid=0,12%,"611,732.48",0.265,"144,740.27",,,,,,PDEI - Moonton,2025,,,,90%,Account Associate,"₱491,570.74","$8,624.05",,,0,0.00,202509190067,"SM,SMDC,ML,Tournament","20547.3,8624,196000,197000,197000"
Tencent,[MAIN] HOK Philippine Kings League - Spring 2026,For Collection - Invoice Sent,8.6107e+06,"$151,064.91","[May 5] NOA email received; ID issued invoice to Tencent. Invoice sent to ID previously (full amount). Pending FP.
[May 4] Received on portal end. Following up with ID if they've received the NOA email.
FP - Acceptance reports submitted (4/20); pending processing on Tencent portal (Payment probably end of April)",2026/02/03,,,Carla Andrea Calma Crespo,Juvie Anne Asis Castres,,2026TEG-P0027,,https://docs.google.com/spreadsheets/d/1Gg6fMY9HqreW4pwDb0KaQPFkEQ7j0aY6Bf8dL-GDRB4/edit?usp=sharing,0%,"8,610,700.00",0.198,"1,704,918.60",,,,,2026/01/21,PDEI - Tencent,2026,02-01,2026/02/13,2026/03/29,90%,Account Associate,"₱7,749,630.00","$135,958.42",,,1,"8,610,700.00",202602120015,"Tencent,HOK - PKL,Tournament",
Tencent,[ADDENDUM] HOK Philippine Kings League - Spring 2026,For Collection - Invoice Sent,940537.08,"$16,500.65","[May 5] Escalated to Iggy snice no response from Benj.
[May 4] Followed up with Sir Benj and via Email
EMAIL SENT Confirming when the payment will be received (Its Apr 24 on the quotation), invoice sent last April 17",2026/03/30,,,Carla Andrea Calma Crespo,Juvie Anne Asis Castres,,2026TEG-P0046,,https://docs.google.com/spreadsheets/d/1Gg6fMY9HqreW4pwDb0KaQPFkEQ7j0aY6Bf8dL-GDRB4/edit?gid=253769181#gid=253769181,0%,"940,537.08",0.111,"104,399.62",,,,,2026/02/16,PDEI - Tencent,2026,03-01,2026/02/13,2026/03/29,90%,Account Associate,"₱846,483.37","$14,850.59",,,,,202602160036,"Tencent,HOK - PKL,Addendum",
ADTECHINNO-QROAD,Ragnarok Abyss Media/PR Release,For Collection - For Invoicing,521999.72,"$9,157.89","Dec 12: Invoice sent to Client
April 13: Hold for 1 year, Execution date 2027
April 23: Executed and Collected Half of the project. ",,,Kewen Ysan Tolentino Sy,Shanna Mae Alindada Sacsi,,,2025TEG-P0329,,https://docs.google.com/spreadsheets/d/1hnO1C19-KRu5k29OmfEZHQl05jq63TOd73FMHqxvnWE/edit?usp=sharing,0%,"521,999.72",0.2276,"118,807.14",,,,,2025/12/01,PDEI - Marketing,2026,01-01,2025/11/28,2026/02/28,90%,Account Associate,"₱469,799.75","$8,242.10",,,,,202512120072,"Ragnarok,PR",
Gamemaster Integrated,GTCC September Arena,For Collection - For Invoicing,9.65012e+06,"$169,300.35",Awarded July 7,2025/08/08,Pat,Vince,Alvaro Miguel Dela Vega Santos,,,2025TEG-P0107,,,0%,"9,650,120.00",0.15,"1,447,518.00",,,,,,PDEI - Esports,2025,,,,90%,Account Director,"₱8,685,108.00","$152,370.32",,,,,,"GTCC,Tournament",
Globe Telecom Inc,Globe x GG Truck: Win the Fam 2025,For Collection - For Invoicing,999918.678571428,"$17,542.43","Dec 2: For execution (truck for reskinning)
Dec 5-6: Lucena execution done. 
Dec 8: For finalization of next runs details (c/o Globe)
Dec 16: Processing accreditation 
March 31: Nudged Client via GC
April 16: Nudged Ms. Denisse on the release of payment. Payment should be released soon as notified via Ariba
April 22: Nudged Ms. Denisse on the release date.
April 30: Schedule of release of payment as posted in Ariba (Half Amount) - Target June resume of activation
April 30: Downpayment received (Php 769,937.83)",2025/11/04,,,Shanna Mae Alindada Sacsi,Alessandra Mae Villanueva Boado,,2025TEG-P0287,Globe Project KOW x GGTruck CE - 2025TEG-P0287 (signed).pdf,https://docs.google.com/spreadsheets/d/1yy69F7lEsh3ie8yXJ9qI3OL1hlqsUxsEWT4Wj954UU4/edit?usp=sharing,12%,"1,119,908.92",0.191,"190,984.47",,,,,2025/10/13,PDEI - Esports,2026,01-01,2025/11/08,2025/11/30,90%,Account Associate,"₱899,926.81","$15,788.19",,,,,202511050059,GG Truck,783936
Level Infinite,PUBGM 8th Anniv. Offline Event,For Collection - For Invoicing,3.16e+06,"$55,438.60","April 13: Draft CE sent to client. Hee to send the signatory details from TRex Esports
April 15: Nudged Hee
April 17: Nudged Hee. Got confirmation from Hee that signed CE will be reverted by next week Wed-Thurs
April 21: Nudged Hee for the signatory details
April 22: Sent Finalized CE with blank TRex signatory (they can add nalang their details)
April 23: For nudging Hee on signed CE
May 9: Signed CE received!
May 11: For sending of invoice",2026/03/16,,Vince,Shanna Mae Alindada Sacsi,Randy Vince Fernandez Apura,,2026TEG-P0066,,https://docs.google.com/spreadsheets/d/1YsUVVq1imzd4Aa6itrwd5CHvLE5pXHONCg2sBvoKuKM/edit?usp=sharing,0%,"3,160,000.00",0.236,"745,760.00",,,,,2026/03/02,PDEI - Tencent,2026,03-01,2026/03/21,2026/03/29,90%,Account Associate,"₱2,844,000.00","$49,894.74",4 - ITQ/RFQ/RFP,2026/03/01,,,202603150011,"Tencent,PUBGM,Event",3160000
Level Infinite,Add-Ons - PUBG Mobile 8th Anniversary Event,For Collection - For Invoicing,310000,"$5,438.60","April 13: Draft CE sent to client. Hee to send the signatory details from TRex Esports
April 15: Nudged Hee
April 17: Nudged Hee. Got confirmation from Hee that signed CE will be reverted by next week Wed-Thurs
April 21: Nudged Hee for the signatory details
April 22: Sent Finalized CE with blank TRex signatory (they can add nalang their details)
April 23: For nudging Hee on signed CE
May 9: Signed CE received!
May 11: For sending of invoice",2026/03/16,,Vince,Shanna Mae Alindada Sacsi,Randy Vince Fernandez Apura,,2026TEG-P0080,,https://docs.google.com/spreadsheets/d/1YsUVVq1imzd4Aa6itrwd5CHvLE5pXHONCg2sBvoKuKM/edit?usp=sharing,0%,"310,000.00",0.2706,"83,886.00",,,,,2026/03/02,PDEI - Tencent,2026,03-01,2026/03/21,2026/03/29,90%,Account Associate,"₱279,000.00","$4,894.74",4 - ITQ/RFQ/RFP,2026/03/01,,,202603170065,"Tencent,PUBGM,Event,Addendum",310000
Minotaur Advertising Inc,Minotaur x Cobra Core Event,For Collection - For Invoicing,570976,"$10,017.12","For Execution April 16
April 22: For External Post Mortem Scheduling
April 27: To bump for post mortem scheduling, invoices processing",2026/03/30,,Marinella M. Casabuena,"Carlos Roberto Francisco, David, IV Coscolluela",Ronelle Kylene Chaneco Lim,,2026TEG-P0078,SIGNED --- CE_2026TEG-P0078 Cobra Core Event - FINAL (1) (1).pdf,https://docs.google.com/spreadsheets/d/145A38_J8lponSCJnGSvBmV6FtRWa3p-qhyhiSHXD17Y/edit?usp=sharing,12%,"639,493.12",0.1364,"77,881.13",,,,"MINOTAUR CE - https://docs.google.com/spreadsheets/d/1QusZjFEnvCUm92piti9bq-I0uOSRRN89rTCthNSnSz4/edit?usp=sharing
DECK - https://docs.google.com/presentation/d/1WB8NnKS22IRgGOo5klsL5ECO5nJq4e8PBvrJWa0Mljs",2026/03/12,PDEI - Marketing,2026,03-01,2026/04/16,2026/04/16,90%,Account Associate,"₱513,878.40","$9,015.41",4 - ITQ/RFQ/RFP,2026/03/03,,,202604080057,"Minotaur - Cobra,Event","489968.64,209986.56"
Minotaur Advertising Inc,Minotaur x Cobra Core Event Addendum,For Collection - For Invoicing,77840,"$1,365.61",April 27: Invoice Filed,2026/04/20,,Marinella M. Casabuena,"Carlos Roberto Francisco, David, IV Coscolluela",Ronelle Kylene Chaneco Lim,,2026TEG-P0099,,https://docs.google.com/spreadsheets/d/145A38_J8lponSCJnGSvBmV6FtRWa3p-qhyhiSHXD17Y/edit?usp=sharing,12%,"87,180.80",0.1071,"8,336.66",,,,,2026/04/17,PDEI - Marketing,2026,04-01,2026/04/16,2026/04/16,90%,Account Associate,"₱70,056.00","$1,229.05",4 - ITQ/RFQ/RFP,2026/03/03,,,202604200066,"Minotaur - Cobra,Event",87180.8
Tencent,KIC Addendum,For Collection - For Invoicing,2.15765974e+06,"$37,853.68",,,,,Alvaro Miguel Dela Vega Santos,Carla Andrea Calma Crespo,,2026TEG-P0003,,,0%,"2,157,659.74",0.3,"647,297.92",,,,,2026/01/05,PDEI - Tencent,2025,,2025/11/24,2025/12/23,90%,Account Director,"₱1,941,893.77","$34,068.31",,,,,202601050114,"Tencent,HOK - KIC,Addendum",
Moonton Philippines Technology Inc.,MPL S18,Signed CE,2.704465972e+07,"$474,467.71","Jan 12: Submitted
May 8: August 10, 70% DP, FP December 23",2026/02/03,,,Marcus Joaquin Viray Gonzales,Katherine Denise Lee Sy,,2026TEG-P0063,,https://docs.google.com/spreadsheets/d/1TO1l4QgZu9SyxbryM68AwIFA3bOs1KqhbjbsOmyBXPc/edit?usp=sharing,12%,"30,290,018.89",0.218,"5,895,735.82",,,,,2026/01/05,PDEI - Moonton,2026,02-01,2026/08/30,2026/11/23,75%,Senior Account Manager,"₱20,283,494.79","$355,850.79",,,,,,"Moonton,ML,MPL PH,Tournament",
Selecta x Manjean,Selecta Classics Campaign 2026 - Talent,Signed CE,89280,"$1,566.32","[May 29] Target Collection
[May 8] Client is asking to show Manjean's video in a convention | Invoice Request filed
[May 7] Approved and posted
[May 5] Clarifying MOA with items accd to legal. Draft caption was sent to client for approval.
[May 4] Submitted first draft; waiting for client approval | MOA being reviewed by Justice
[Apr 27] Planning Phase and outline approval | Pending MOA from client",2026/04/17,,Jorge Luis Tesoro,Carla Andrea Calma Crespo,,,2026TEG-P0097,"image.png,[16042026] Selecta Classics Talent (Manjean) QUOTATION_1.pdf",https://docs.google.com/spreadsheets/d/1ouvaFH-uj10RX_e3V6GxQNuKxg8tgfBhHDnAX7nnUyI/edit?usp=sharing,12%,"99,993.60",0.3,"26,784.00",,,,,2026/04/13,PDEI - Marketing,2026,04-01,2026/05/12,2026/05/31,80%,Account Associate,"₱71,424.00","$1,253.05",4 - ITQ/RFQ/RFP,2026/04/13,,,202604170059,Manjean,101212.24
Wargaming,World Of Tanks HEAT KOL Campaign,Signed CE,57993.75,"$1,017.43","April 7: CE sent
April 16: Execution ongoing
April 22: Kriphie Achieved KPI, campaign end April 30
April 27: For closing this week",2026/04/06,,Jorge Luis Tesoro,"Carlos Roberto Francisco, David, IV Coscolluela",,,2026TEG-P0082,World Of Tanks HEAT KOL Campaign CE_2026TEG-P0082 CE  Quote (1).pdf,https://docs.google.com/spreadsheets/d/1OMxmmxrlh88BWOQKwEXPJFwEJDxXzSHuupU034GW038/edit?gid=480848512#gid=480848512,0%,"57,993.75",0.3103,"17,995.46",,,,,2026/03/17,PDEI - Marketing,2026,04-01,2026/04/08,2026/04/30,80%,Account Associate,"₱46,395.00",$813.95,4 - ITQ/RFQ/RFP,2026/03/17,,,202604070080,"Wargaming,KOL",56993.729999999996
BPI,BPI PeraWise Caravan,Won - Awaiting CE Signature,3.125e+06,"$54,824.56","NOV 25: Agency Briefing
Dec 3: DRT
Dec 5: Proposal submission
Jan 5: Bilisan na daw natin yung accreditation para sa atin na
Jan 27: Provided latest accreditation requirements. Client is asking why we don't have a BPI account. We can give a security bond equivalent to the project quotation. We need to provide proof of our cash flow for this year.
Mar 3: Budget decreased for the campaign. Scope of project for re-strat. On hold until PDEI accreditation.
Mar 31: Accreditation was approved without AFS requirement. To meet with client for re-scoping and budget adjustments.
April 7: Kickoff pushed back due to BPI internal processing
April 22: CE to be submitted by April 24, clarification sent to client
April 27: Awaiting client feedback & kickoff meeting",2026/03/31,CC,Marinella M. Casabuena,"Carlos Roberto Francisco, David, IV Coscolluela",Ronelle Kylene Chaneco Lim,,2025TEG-P0324,,https://docs.google.com/spreadsheets/d/1_Aw-lPJbTQakx1CPG4q5ZVIxwetgzhVYIum_EZZe3_A/edit?usp=sharing,12%,"3,500,000.00",0.345,"1,078,125.00",,,,"DECK - https://www.canva.com/design/DAG53y7qJWw/vRPhitJOJgtCI1M0zNEV9A/edit?utm_content=DAG53y7qJWw&utm_campaign=designshare&utm_medium=link2&utm_source=sharebutton

CE W/O FAB - https://docs.google.com/spreadsheets/d/1_Aw-lPJbTQakx1CPG4q5ZVIxwetgzhVYIum_EZZe3_A/edit?usp=sharing

CE W/ FAB - https://docs.google.com/spreadsheets/d/11jrVHfcOBqy0kHNKFKaQ9bYj-QxMceA87z3_yWqw3SI/edit?usp=sharing",2025/11/25,PDEI - Marketing,2026,03-01,2026/06/14,2026/11/30,80%,Account Associate,"₱2,500,000.00","$43,859.65",,,,,,"BPI,Caravan",
FUNaloMAX,FUNaloMAX Social Media & Community Management,Won - Awaiting CE Signature,1.46552084e+07,"$257,108.92","Oct 14: Brief received from sir Dar
Oct 16: Sent signed NDA and other documents. Waiting for the Ariba System link to be shared.
Oct 21: Solaire procurement reviewing the documents
NOV 11: Proposal deadline on Nov 14
Nov 14: Proposal sent
Nov 25: To respond to post-bid clarifications 
Nov 29: Awarding (target)
Dec 1: Followed-up client on the status
Dec 2: Awarding date moved from Nov 29. Awarding pending.
Dec 4: Pending selection (Ariba)
Dec 9: Sent email update
Jan 5: Pending selection; Sent Aprille update via Viber
Jan 27: Client wants all vendors to submit their pitches again. (Re-direction of RFP). Budget might be cut.

-----RESOCPED-----

Mar 3: Awaiting information
Mar 23: Won, awaiting official confirmation
Apr 8: Adjusting costing for final CE
Apr 8: BAFO signed
Apr 17: Internal Kickoff
Apr 24: Kickoff w Minotaur
May 8: Internal meeting with MET, oursource for onboarding",2026/04/10,,Marinella M. Casabuena,Marcus Joaquin Viray Gonzales,Ronelle Kylene Chaneco Lim,,2026TEG-P0073,,https://docs.google.com/spreadsheets/d/14BMAKPCFzGe8tF6peLO0jxAys2gSiV9qgPgnbUTTVZk/edit?usp=sharing,0%,"14,655,208.40",0.216,"3,165,525.01",,,,DECK  - https://drive.google.com/file/d/1ztIw1PJyKzv7qDZEzEtyiq2ZySiGJZuo/view,2026/02/20,PDEI - Marketing,2026,04-01,2026/04/01,2026/04/01,75%,Senior Account Manager,"₱10,991,406.30","$192,831.69",4 - ITQ/RFQ/RFP,2026/02/23,,,,"Solaire,FUNaloMAX,SocMed",
SM Prime Holdings Inc.,SM Cyberzone Game Fest 2026,Won - Awaiting CE Signature,2.79880875e+06,"$49,101.91","Jan 27: RFP received. Timeline not yet finalized. Deck and CE on-going.
Jan 30: Proposal submitted. No CE yet.
Feb 2: Received feedback. KV for revision
Feb 10: On hold until Geek Con is finalized
April 13: Client is assessing the proposal. On going deliberation for the awarding 
April 17: Presented the proposal to Sir Mark 
April 20: Presented the presentation to SM Procurement and Sir Mark
April 22: As per Ms. Dana, earliest we can get awarding details is next week as other vendors are still pitching
April 27: For nudging on awarding
May 12: F2F Pre-prod meeting 4PM",2026/05/04,,,Shanna Mae Alindada Sacsi,Alessandra Mae Villanueva Boado,,2025TEG-P0340,,https://docs.google.com/spreadsheets/d/10qldLpQSaBmtVFzO1p5BzkD7Xz6MMejiFJ3r3yOUQ5o/edit?usp=sharing,12%,"3,134,665.80",0.275,"769,672.41",,,,,2026/01/06,PDEI - Esports,2026,05-01,2026/03/01,2026/04/30,80%,Account Associate,"₱2,239,047.00","$39,281.53",,,,,,SM Cyberzone,
Solaire Online Sportsbook,Solaire Online Sportsbook 3D Billboard Fabrication,Won - Awaiting CE Signature,1.1e+06,"$19,298.25","Feb 18: Briefing
Mar 3: For updating of revision costs. (Solaire is asking for cost of extra revisions)
Mar. 12: Submitted BAFO thru email
Mar 24: BAFO/ CE, internal docs are on route for approval
Mar 25: Won, awaiting official confirmation
Apr 7: Letter of Acceptance delivered today
Apr 16: Sent concept deck to client (R1)
Apr 17: Client gave feedback for R1 concept deck
April 21: Sent concept deck to client (R2)",2026/04/07,,Marinella M. Casabuena,Catherine Bautista Pumarega,Clifford Markus Ortiz Martinez,,2026TEG-P0045,,https://drive.google.com/drive/folders/1i9PavmB6AZKb96bTQvNJYGxykHu-JRtf?usp=drive_link,0%,"1,100,000.00",0.2613,"287,430.00",,,,,2026/02/13,PDEI - Marketing,2026,03-01,2026/04/01,2026/12/31,85%,Account Director,"₱935,000.00","$16,403.51",4 - ITQ/RFQ/RFP,2026/02/20,,,,"Solaire,Solaire Online",
Apex Ventures Inc.,CRIF VIA Vendor Fair 2026,Won - Awaiting CE Signature,625000,"$10,964.91",April 27: Deadline of submission of AVP requirements is on April 30. ,2026/04/27,,,Catherine Bautista Pumarega,Petronilo Cruz Samson Jr.,,2026TEG-P0101,,,12%,"700,000.00",0,0.00,,,,,2026/04/20,IP,2026,05-01,2026/05/07,2026/05/07,85%,Account Director,"₱531,250.00","$9,320.18",,,,,,CRIF,
Jobstreet,[ADDENDUM] Jobstreet Level Up Season 2 (Boosting and Food),Won - Awaiting CE Signature,17857.1428571429,$313.28,,2026/05/06,,,"Carlos Roberto Francisco, David, IV Coscolluela",Maura Aurel Atilano Yap,,2026TEG-P0121,,,12%,"20,000.00",,,,,,,2026/05/06,PDEI - Esports,2026,05-01,,,80%,Account Associate,"₱14,285.71",$250.63,,,,,,Jobstreet,
MPGL,MPGL 2026,Won - Awaiting CE Signature,357142.857142857,"$6,265.66",,2026/04/07,,,Shanna Mae Alindada Sacsi,,,2026TEG-P0092,,,12%,"400,000.00",0,0.00,,,,,2026/04/07,IP,2026,04-01,2026/06/19,2026/06/21,80%,Account Associate,"₱285,714.29","$5,012.53",,,,,,"MPGL,IP",
Mineski ID,Crossfire Legends Caster Sourcing,Won - Awaiting CE Signature,131000,"$2,298.25",,2026/05/04,,Jorge Luis Tesoro,"Carlos Roberto Francisco, David, IV Coscolluela",,,2026TEG-P0119,,,0%,"131,000.00",0.3,"39,300.00",,,,,2026/05/04,PDEI - Marketing,2026,05-01,,,80%,Account Associate,"₱104,800.00","$1,838.60",,,,,,"Mineski, CFL, Caster",
Moonton Philippines Technology Inc.,"MPL PH S17 Addendum (LED, Turtle Beach, VIP Couches)",Won - Awaiting CE Signature,1.321875e+06,"$23,190.79",CE already approved; Sent formal quote May 7,2026/05/11,,Marcus Joaquin Viray Gonzales,Marcus Joaquin Viray Gonzales,Katherine Denise Lee Sy,,2026TEG-P0123,,https://docs.google.com/spreadsheets/d/1wPgnLLpi1hbpY9t9l9EJr3FNYeQ4WrECK7BTcEaM7Xw/edit?gid=2061277117#gid=2061277117,12%,"1,480,500.00",,,,,,,,,2026,05-01,,,75%,Senior Account Manager,"₱991,406.25","$17,393.09",,,,,,MPL,
Pilipinas E-Sports Organization Inc.,PESO ENC Social Media campaign,Won - Awaiting CE Signature,491071.428571428,"$8,615.29","Mar 3: For internal briefing
Apr 7: Won
May 11: On hold, activation might be around Sept",2026/04/07,Alo,,Shanna Mae Alindada Sacsi,,,2026TEG-P0091,,,12%,"550,000.00",0.3,"147,321.43",,,,,2026/02/23,PDEI - Esports,2026,04-01,2026/10/01,2026/12/31,80%,Account Associate,"₱392,857.14","$6,892.23",,,,,,"PESO,SocMed",
Monster Energy,Monster Energy Experiential Marketing,CE/Pitch Submitted,1.59631875e+06,"$28,005.59","[May 4-8] No updates
[Apr 24] Awaiting final adjustments to CE
[Mar 3] Until Ian (Monster) finalizes deal with PGDX/CBZN, project won't move
[Jan 26] Client deliberating which events to join
[Jan 19] Submitted",2026/04/22,,Kewen Ysan Tolentino Sy,Carla Andrea Calma Crespo,Clifford Markus Ortiz Martinez,,2025TEG-P0349,,https://docs.google.com/spreadsheets/d/1M5cpNfCdH27eNUFszAq6oAIXsqf12PRSnQK1GxocirY/edit?usp=sharing,12%,"1,787,877.00",0.2872,"458,462.74",,,,"NEW DECK - https://docs.google.com/presentation/d/1pyOFCAOsKqD2OrzHEKoPInP2LNnvj54rds2NXT754qs/edit?usp=sharing

OLD DECK - https://docs.google.com/presentation/d/1R25KUaN3Drkqv8TarvyJDAAVegNtcF093KLsljGsrFs/edit?usp=drivesdk",2025/12/22,PDEI - Marketing,2026,,2026/01/07,2026/01/07,20%,Account Associate,"₱319,263.75","$5,601.12",4 - ITQ/RFQ/RFP,2026/01/16,,,,"Monster Energy,Event",
OK Games,OKGames Barangay Caravan,CE/Pitch Submitted,1.6004208e+07,"$280,775.58","SEP 19 3PM: Gaming Concept Deck and Ballpark Cost Submission; Cost options 1M, 3M and 5M
SEP 23: NEW submission date
SEP 24: with William (Contact's Boss)
SEP 29: Followed up, waiting for reply
SEP 29: Awaiting client feedback
MOON CAKE FESTIVAL
OCT 6: Followed Up - Jowen will ask William
OCT 8: Follow Up. Feedback of Deck
OCT 9: Client is in a business trip.
OCT 13: Followed Up, Awaiting feedback.
OCT 14: Deck is now with Upper Management, awaiting feedback.
OCT 25: Tournament of OKGames - Will get decision after.
NOV 11: Project Brief filed
NOV 17: Kickoff Meeting Internal 
NOV 27: Proposal submitted
DEC 5: Nudged client
DEC 22: Nudged client
JAN 5: Client nudged; awaiting Mr. William’s return from China
JAN 12: Nudged client ; Unresponsive
Jan 26: Nudged client ; Unresponsive; Asked for Sir Dar's help
1/27/26 - Jowen replied that Sir William can't decide yet. Asking how we can help and for feedback.
Feb 2: Will nudge by Friday since theres circulating issue right now about their ambassadress.",,,Diana Lou Perocho Gosamo,Shanna Mae Alindada Sacsi,Ronelle Kylene Chaneco Lim,,2025TEG-P0313 ,,https://docs.google.com/spreadsheets/d/1QS_6whsLckSpJfg8k3ZGVUydPSgFMOKWonTH9v7Ev30/edit?usp=sharing,12%,"17,924,712.96",0.2512,"4,020,257.05",,,,DECK - https://www.canva.com/design/DAG5H9ffWc4/DNtvmi5MjYfYRMMpXIo3Dg/edit?utm_content=DAG5H9ffWc4&utm_campaign=designshare&utm_medium=link2&utm_source=sharebutton,2025/09/19,PDEI - Marketing,2026,,,,20%,Account Associate,"₱3,200,841.60","$56,155.12",,,,,,"OK Games,Caravan",
PCWORX,PCWORX Mall Activation,CE/Pitch Submitted,1.78571428571429e+06,"$31,328.32","Feb 13: Met with PCWORX
BREAK DATE: Q3/Q4
Mar 3: Deck finalization today
April 7: Nudged client",,,Kewen Ysan Tolentino Sy,"Carlos Roberto Francisco, David, IV Coscolluela",,,2026TEG-P0049,,,12%,"2,000,000.00",0.3,"535,714.29",,,,,2026/02/09,PDEI - Marketing,2026,,2026/10/01,2026/11/30,20%,Account Associate,"₱357,142.86","$6,265.66",4 - ITQ/RFQ/RFP,2026/02/06,,,,PCWORX,
Philippine Seven Corporation,7-Eleven OUTPOST Partnership,CE/Pitch Submitted,3.9028102e+06,"$68,470.35","Mar 30: To send clients request for specific details for events
April 7: To set meeting w/ client for proposal review
April 14: Meeting w/ Client April 16. campus outpost deck submission April 17
April 22: Feedback for PGDX on April 23, April 24 to send Campus Tour Campaign deck",,,Christine Joyce Jimenez Cahigas,"Carlos Roberto Francisco, David, IV Coscolluela",,,2026TEG-P0041,,,12%,"4,371,147.42",0.246850384884,"963,410.20",,,,,2026/02/12,PDEI - Marketing,2026,,2026/08/01,2026/08/31,20%,Account Associate,"₱780,562.04","$13,694.07",4 - ITQ/RFQ/RFP,2026/02/04,,,,7-Eleven,
ArenaPlus,ArenaPlus KOL Livestream and Watchparty,CE/Pitch Submitted,892857.142857143,"$15,664.16",,,,Marinella M. Casabuena,,,,2026TEG-P0100,,,0%,"892,857.14",0.3,"267,857.14",,,,,2026/04/14,PDEI - Marketing,2026,,2026/07/01,2026/07/10,,,,,4 - ITQ/RFQ/RFP,2026/04/15,,,,ArenaPlus,
BingoPlus,BingoPlus Merch,CE/Pitch Submitted,2e+06,"$35,087.72",,,,Marinella M. Casabuena,Shanna Mae Alindada Sacsi,Clifford Markus Ortiz Martinez,,2026TEG-P0058,,,0%,"2,000,000.00",0.15,"300,000.00",,,,,2026/02/17,PDEI - Marketing,2026,,2026/03/02,2026/03/31,20%,Account Associate,"₱400,000.00","$7,017.54",4 - ITQ/RFQ/RFP,2026/02/05,,,,BingoPlus,
DigiPlus,DigiPlus-BingoPlus Full Year Video Production,CE/Pitch Submitted,2.5e+06,"$43,859.65","Feb 25: Received contract from client; For legal review
Mar 3: Required documents from legal.",,,Kewen Ysan Tolentino Sy,"Carlos Roberto Francisco, David, IV Coscolluela",,,2026TEG-P0064,,,0%,"2,500,000.00",0.3,"750,000.00",,,,,2026/02/17,PDEI - Marketing,2026,,2026/04/01,2026/05/31,20%,Account Associate,"₱500,000.00","$8,771.93",4 - ITQ/RFQ/RFP,2026/02/25,,,,DigiPlus,
FUNaloMAX,FUNaloMAX Digital Media (Rescoped),CE/Pitch Submitted,9e+07,"$1,578,947.37","Oct 14: Brief received from sir Dar
Oct 16: Sent signed NDA and other documents. Waiting for the Ariba System link to be shared.
Oct 21: Solaire procurement reviewing the documents
NOV 11: Proposal deadline on Nov 14
Nov 14: Proposal sent
Nov 25: To respond to post-bid clarifications 
Nov 29: Awarding (target)
Dec 1: Followed-up client on the status
Dec 2: Awarding date moved from Nov 29. Awarding pending.
Dec 4: Pending selection (Ariba)
Dec 9: Sent email update
Jan 5: Pending selection; Sent Aprille update via Viber
Jan 27: Client wants all vendors to submit their pitches again. (Re-direction of RFP). Budget might be cut.

-----RESCOPED-----

Mar. 24: Agency briefing
Apr. 8: Ariba submission
Apr. 18: Bid evaluation
Apr. 30: LOA/Awarding (12 months)",,,Marinella M. Casabuena,Marcus Joaquin Viray Gonzales,,,2026TEG-P0084,,,0%,"90,000,000.00",0.2,"18,000,000.00",,,,,2026/03/24,PDEI - Marketing,2026,,2026/05/01,2026/05/01,10%,Senior Account Manager,"₱9,000,000.00","$157,894.74",4 - ITQ/RFQ/RFP,2026/03/25,,,,FUNaloMAX,
Infinitech Digital Gaming Corporation,Sportsplus Evolution Color Game Booth,CE/Pitch Submitted,500000,"$8,771.93","April 25: Submitted CE to client 
April 27: Sending rehashed CE for logistical requirements",,,Vince,Alvaro Miguel Dela Vega Santos,Kervin,,2026TEG-P0102,,,0%,"500,000.00",0.3,"150,000.00",,,,,2026/04/20,PDEI - Marketing,2026,,2026/04/20,2026/04/20,30%,Account Director,"₱150,000.00","$2,631.58",,,,,,SportsPlus,
LGU Manila,Manila Summer Pride 2026,CE/Pitch Submitted,1.78571428571429e+06,"$31,328.32","April 15: Manila Summer Pride is rescheduled. No specific date yet. Also, DTCAM prefers a rate card for technical equipments (no event management)",,Dar,Jorge Luis Tesoro,Shanna Mae Alindada Sacsi,Ronelle Kylene Chaneco Lim,,2026TEG-P0081,,,12%,"2,000,000.00",0.3,"535,714.29",,,,,2026/03/18,PDEI - Marketing,2026,,2026/04/25,2026/04/25,20%,Account Associate,"₱357,142.86","$6,265.66",4 - ITQ/RFQ/RFP,2026/03/20,,,,Manila,
Minotaur Advertising Inc,Samsung MLBB Rising League - Neighborhood Map,CE/Pitch Submitted,2.23214285714286e+06,"$39,160.40","Mar 3: Finalizing rollout plan
April 13: Stalled due to accreditation",,,,Catherine Bautista Pumarega,JP dela Peña,,2026TEG-P0060,,,12%,"2,500,000.00",0.3,"669,642.86",,,,DECK - https://www.canva.com/design/DAGTm-X4Y98/VgV0G-Dqo1H8gY1FXg-BSw/view?utm_content=DAGTm-X4Y98&utm_campaign=designshare&utm_medium=link&utm_source=viewer,2026/02/27,PDEI - Esports,2026,,2026/03/15,2026/04/30,30%,Account Director,"₱669,642.86","$11,748.12",,,,,202603110049,Minotaur,
PCWORX,PCWORX School Activations,CE/Pitch Submitted,200892.857142857,"$3,524.44",May 05: PCWORX can't secure budget for campus activations,,,Kewen Ysan Tolentino Sy,"Carlos Roberto Francisco, David, IV Coscolluela",Ronelle Kylene Chaneco Lim,,2026TEG-P0109,,,12%,"225,000.00",0.3,"60,267.86",,,,,2026/04/24,PDEI - Marketing,2026,,2026/05/04,2026/05/06,20%,Account Associate,"₱40,178.57",$704.89,,,,,,PCWORX,
SiGMA Asia,SiGMA Asia 2026 Stand Organiser's Requirements,CE/Pitch Submitted,8.03571429e+06,"$140,977.44",Apr 22: Submitted breakdown costs,,,Pepito Laureola Garcia Jr.,Catherine Bautista Pumarega,,,,,https://docs.google.com/spreadsheets/d/1-MYQkHirgaqNb5NwXVrtDpI8UQthfsLVMtR-QCQ_s8g/edit?usp=sharing,12%,"9,000,000.00",0.3,"2,410,714.29",,,,,2026/04/20,PDEI - Tencent,2026,,,,30%,Account Director,"₱2,410,714.29","$42,293.23",,,,,,SiGMA,
Wargaming,World of Tanks HEAT May KOL Campaign,CE/Pitch Submitted,57000,"$1,000.00","May 11To submit quotation for May by Thursday. 
To align with finance on the invoice amount, need to factor in the incentive agreement with client for hitting the KPI (Bonus USD 400)
",,,Jorge Luis Tesoro,"Carlos Roberto Francisco, David, IV Coscolluela",,,2026TEG-P0110,,,0%,"57,000.00",0.3,"17,100.00",,,,,2026/04/27,PDEI - Marketing,2026,,2026/05/01,2026/05/30,20%,Account Associate,"₱11,400.00",$200.00,,,,,,Wargaming,
FUNaloMAX,FUNaloMAX VIP Party,For CE/Pitch Creation,2e+06,"$35,087.72","Feb 18: Briefing
Mar 3: Awaiting information",,,Marinella M. Casabuena,Marcus Joaquin Viray Gonzales,,,2026TEG-P0043,,,0%,"2,000,000.00",0.3,"600,000.00",,,,,2026/02/13,PDEI - Marketing,2026,,2026/05/01,2026/05/01,10%,Senior Account Manager,"₱200,000.00","$3,508.77",,,,,,FUNaloMAX,
Moxie,Moxie 2026 Launch,For CE/Pitch Creation,4.46428571e+06,"$78,320.80","Mar 17: CC to resume discussion after holy week
April 7: Client informed we would receive an update in 2-3 weeks
April 14: CC working w/ client on refining details
April 22: Working on revenue projections w/ Clikus to share with client
April 27: To discuss revenue projections w/ client",,,Kewen Ysan Tolentino Sy,"Carlos Roberto Francisco, David, IV Coscolluela",,,2026TEG-P0042,,,12%,"5,000,000.00",0.3,"1,339,285.71",,,,,2026/02/13,PDEI - Marketing,2026,,2026/06/01,2026/06/01,20%,Account Associate,"₱892,857.14","$15,664.16",4 - ITQ/RFQ/RFP,2026/02/24,,,,Moxie,
1xbet,1xBET Watch party,For CE/Pitch Creation,2e+06,"$35,087.72",Mar 3: For internal briefing,,,,aloboy,,,,,,0%,"2,000,000.00",0.3,"600,000.00",,,,,2026/02/23,PDEI - Esports,2026,,,,,,,,,,,,,1xBET,
ArenaPlus,ArenaPlus DoTA 2 Watchparty,For CE/Pitch Creation,2e+06,"$35,087.72",[May 5] Kickoff meeting | Pending DoTA team from DAC,,,Kewen Ysan Tolentino Sy,Carla Andrea Calma Crespo,,,2026TEG-P0118,,,0%,"2,000,000.00",0.3,"600,000.00",,,,,2026/05/04,PDEI - Marketing,2026,,,,20%,Account Associate,"₱400,000.00","$7,017.54",,,,,,ArenaPlus,
Asustor,PGDX Outpost: Asustor Sponsorship,For CE/Pitch Creation,62500,"$1,096.49",,,,Pepito Laureola Garcia Jr.,Shanna Mae Alindada Sacsi,,Christine Joyce Jimenez Cahigas,2026TEG-P0108,,,12%,"70,000.00",0.3,"18,750.00",,,,,2026/04/24,PDEI - Esports,2026,,2026/07/24,2026/07/26,20%,Account Associate,"₱12,500.00",$219.30,,,,,,Asustor,
BingoPlus,BingoPlus Night 2026,For CE/Pitch Creation,3e+06,"$52,631.58",,,,Marinella M. Casabuena,Shanna Mae Alindada Sacsi,,,2026TEG-P0106,,,0%,"3,000,000.00",0.3,"900,000.00",,,,,2026/04/23,PDEI - Marketing,2026,,2026/05/19,2026/05/19,20%,Account Associate,"₱600,000.00","$10,526.32",,,,,,BingoPlus,
BingoPlus,BingoPlus Night Barangay Roadshow 2026 Sponsorship,For CE/Pitch Creation,1e+06,"$17,543.86",May 8: For Operations Recce,,,Marinella M. Casabuena,Alvaro Miguel Dela Vega Santos,Christine Sison Yuson ,,2026TEG-P0117,,,0%,"1,000,000.00",0.3,"300,000.00",,,,,2026/04/30,PDEI - Marketing,2026,,,,30%,Account Director,"₱300,000.00","$5,263.16",,,,,,BingoPlus,
CCAP,CCAP Tournament 2026,For CE/Pitch Creation,2.23214285714286e+06,"$39,160.40",Mar 3: For touch-base with client Mar 4 (Wed) planning,,,,Shanna Mae Alindada Sacsi,,,,,,12%,"2,500,000.00",0.3,"669,642.86",,,,,2026/02/23,PDEI - Esports,2026,,,,20%,Account Associate,"₱446,428.57","$7,832.08",,,,,,CCAP,
DigiPlus,GTCC,For CE/Pitch Creation,7.5e+06,"$131,578.95",,,,,,,,,,,0%,"7,500,000.00",0.3,"2,250,000.00",,,,,2026/03/31,PDEI - Tencent,2026,,,,,,,,,,,,,DigiPlus,
Espotz.live,Espotz Live 2026,For CE/Pitch Creation,1e+06,"$17,543.86",,,,,Catherine Bautista Pumarega,,,2026TEG-P0105,,,0%,"1,000,000.00",0.3,"300,000.00",,,,,2026/04/22,PDEI - Esports,2026,,,,30%,Account Director,"₱300,000.00","$5,263.16",,,,,,Espotz.live,
GameZone,GameZone Alas Mascott 2026,For CE/Pitch Creation,500000,"$8,771.93",May 8: Kick Off Meeting ,,,,Alvaro Miguel Dela Vega Santos,,,2026TEG-P0120,,,0%,"500,000.00",0.3,"150,000.00",,,,,2026/05/04,PDEI - Marketing,2026,,,,30%,Account Director,"₱150,000.00","$2,631.58",,,,,,GameZone,
LGU Bulacan,Bulacan LGU Annual ML Event,For CE/Pitch Creation,675725,"$11,854.82",For June,,,,aloboy,,,2026TEG-P0059,,,12%,"756,812.00",0.479,"323,672.27",,,,,2026/03/03,PDEI - Esports,2026,,2026/06/01,2026/06/01,,,,,,,,,,Bulacan,
Mineski ID,MCGG x Elgin Season 5,For CE/Pitch Creation,130000,"$2,280.70",,,,Jorge Luis Tesoro,"Carlos Roberto Francisco, David, IV Coscolluela",,,2026TEG-P0112,,,12%,"145,600.00",0.3,"39,000.00",,,,,2026/04/28,PDEI - Marketing,2026,,,,20%,Account Associate,"₱26,000.00",$456.14,,,,,,MCGG,
Mineski ID,Mineski Indonesia video support,For CE/Pitch Creation,31350,$550.00,,,,,Shanna Mae Alindada Sacsi,,,2026TEG-P0116,,,0%,"31,350.00",0.3,"9,405.00",,,,,2026/04/30,PDEI - Esports,2026,,,,20%,Account Associate,"₱6,270.00",$110.00,,,,,,Mineski,
Mineski PH,Philippine Pro Gaming League 2026,For CE/Pitch Creation,446428.571428571,"$7,832.08",,,,,Catherine Bautista Pumarega,,,2026TEG-P0114,,,12%,"500,000.00",0,0.00,,,,,2026/04/29,IP,2026,,,,30%,Account Director,"₱133,928.57","$2,349.62",,,,,,IP,
PGDX,Mineski Outpost PGDX 2026,For CE/Pitch Creation,1.33928571428571e+06,"$23,496.24","Apr 7: In talks w/ LuckyMe, 7-Eleven, WD, ECPAY
Apr 14: Meeting w/ 7-Eleven on 16, awaiting feedback from LuckyMe
April 27: Undergoing upper management review ",,,Christine Joyce Jimenez Cahigas,"Carlos Roberto Francisco, David, IV Coscolluela",,,2026TEG-P0083,,,12%,"1,500,000.00",0,0.00,,,,,2026/03/23,IP,2026,,2026/07/25,2026/07/26,20%,Account Associate,"₱267,857.14","$4,699.25",,,,,,"PGDX, IP",
SM Prime Holdings Inc.,SM Cyberzone - STACCX!: TCG Stand Alone Event,For CE/Pitch Creation,267857.142857143,"$4,699.25",,,,,Shanna Mae Alindada Sacsi,Alessandra Mae Villanueva Boado,,2026TEG-P0103,,,12%,"300,000.00",0.3,"80,357.14",,,,,2026/04/22,PDEI - Esports,2026,,2026/06/01,2026/06/30,20%,Account Associate,"₱53,571.43",$939.85,,,,,,SM Cyberzone,
San Miguel Corporation,Magnolia Bakery Activation,For CE/Pitch Creation,1.78571428571429e+06,"$31,328.32",,,,Kewen Ysan Tolentino Sy,"Carlos Roberto Francisco, David, IV Coscolluela",Ronelle Kylene Chaneco Lim,,2026TEG-P0107,,,12%,"2,000,000.00",0.3,"535,714.29",,,,,2026/04/23,PDEI - Marketing,2026,,2026/06/01,2026/11/30,20%,Account Associate,"₱357,142.86","$6,265.66",,,,,,San Miguel Corporation,
Sandisk Singapore,"
Sandisk Marketing",For CE/Pitch Creation,1.14e+06,"$20,000.00",[May 4] Kickoff Meeting | Pending Accreditation,,,Kewen Ysan Tolentino Sy,Carla Andrea Calma Crespo,,,2026TEG-P0113,,,0%,"1,140,000.00",0.3,"342,000.00",,,,,2026/04/28,PDEI - Marketing,2026,,,,20%,Account Associate,"₱228,000.00","$4,000.00",,,,,,Sandisk Singapore,
Unity Digital Infra,Unity Digital Infrastructure Corporate Photo & Video Shoot,For CE/Pitch Creation,133928.571428571,"$2,349.62",,,,,Catherine Bautista Pumarega,,,2026TEG-P0115,,,12%,"150,000.00",0.3,"40,178.57",,,,,2026/04/29,PDEI - Marketing,2026,,,,30%,Account Director,"₱40,178.57",$704.89,,,,,,Unity Digital,
Tencent,HOK Philippine Kings League - Fall 2026,Talks In Progress,8.55e+06,"$150,000.00",,,,,Carla Andrea Calma Crespo,,,,,,0%,"8,550,000.00",0.2,"1,710,000.00",,,,,2026/01/06,PDEI - Tencent,2026,,,,,Account Associate,₱0.00,$0.00,,,,,,,
Jisulife Philippines,Dragon AI Media - Fabrication Project (Jisulife),Talks In Progress,2.2933125e+07,"$402,335.53","OCT 25: Formal CE
Dec 2: Client wants to know what needs to change to fit the budget. To acquire details of fabrication from Mark.
Dec 9: CE submission to client
Dec 16: Will nudge Mark
Dec 22: Mark will get back to us by January. As an assurance, they’re good with our proposed CE.
Jan 12: Will get back to us by Jan 20
Jan 27: Contact is in Paternal Leave
Jan 29: Ms. Diana will tap Hazel at OPF Press Con
Feb 2: Will get back to us by this week
April 7: Mark informed he would reach out soon
April 27: Mark Yuri moved to different company, informed us that campaign would still push through but not under Dragon AI Media, will get back to us soon",,Mark Yuri,Diana Lou Perocho Gosamo,"Carlos Roberto Francisco, David, IV Coscolluela",,,2025TEG-P0331,,https://docs.google.com/spreadsheets/d/1BQmi-yzrXEm0yZRRTwQ5HcnEQRxRCDzQ-6ipouiJVJs/edit?usp=sharing,12%,"25,685,100.00",0.3625,"8,313,257.81",,,,,2025/09/26,PDEI - Marketing,2026,,2025/11/28,2026/01/31,,Account Associate,₱0.00,$0.00,4 - ITQ/RFQ/RFP,2026/01/12,,,,,
ABS CBN Global Ltd. Ad Sales,,Talks In Progress,267857.142857143,"$4,699.25",,,,Marinella M. Casabuena,,,,,,,,"267,857.14",,,,,,,,,2026,,,,,,,,3 - Revenue building activities,2026/02/06,,,,,
"ABS CBN Global Ltd. Partnerships
",,Talks In Progress,267857.142857143,"$4,699.25",,,,Marinella M. Casabuena,,,,,,,,"267,857.14",,,,,,,,,2026,,,,,,,,3 - Revenue building activities,2026/02/06,,,,,
ABS CBN Integrated Sales,,Talks In Progress,267857.142857143,"$4,699.25",,,,Marinella M. Casabuena,,,,,,,,"267,857.14",,,,,,,,,2026,,,,,,,,3 - Revenue building activities,2026/02/25,,,,,
Ajinomoto,,Talks In Progress,,,,,,Kewen Ysan Tolentino Sy,,,,,,,,0.00,,,,,,,,,2026,,,,,,,,2 - Sources,2026/03/27,,,,,
Ardent World Inc. ,Gluta-C / Moringa-O,Talks In Progress,,,,,,Kewen Ysan Tolentino Sy,,,,,,,,0.00,,,,,,,,,2026,,,,,,,,2 - Sources,2026/03/31,,,,,
BeLive,Broadcast  and Video Prod,Talks In Progress,,,,,Vince,,,,,,,,,0.00,,,,,,,2026/02/04,PDEI - Marketing,2026,,,,,,,,,,,,,,
Beach Hut,,Talks In Progress,,,,,,Kewen Ysan Tolentino Sy,,,,,,,,0.00,,,,,,,,,2026,,,,,,,,2 - Sources,2026/01/26,,,,,
Bounty Fresh,,Talks In Progress,,,,,,Kewen Ysan Tolentino Sy,,,,,,,,0.00,,,,,,,,,2026,,,,,,,,2 - Sources,2026/01/26,,,,,
CDO Foodsphere,,Talks In Progress,,,,,,Kewen Ysan Tolentino Sy,,,,,,,,0.00,,,,,,,,,2026,,,,,,,,2 - Sources,2026/02/25,,,,,
Cebuana Lhuillier,,Talks In Progress,,,,,,Marinella M. Casabuena,,,,,,,,0.00,,,,,,,,,2026,,,,,,,,3 - Revenue building activities,2026/01/26,,,,,
Century Pacific Foods,,Talks In Progress,,,,,,Kewen Ysan Tolentino Sy,,,,,,,,0.00,,,,,,,,,2026,,,,,,,,2 - Sources,2026/01/20,,,,,
Chromaesthetics Inc. ,GRWM Cosmetics PR,Talks In Progress,,,,,,Marinella M. Casabuena,,,,,,,,0.00,,,,,,,,,2026,,,,,,,,2 - Sources,2026/03/24,,,,,
Coca-Cola,,Talks In Progress,,,,,,Kewen Ysan Tolentino Sy,,,,,,,,0.00,,,,,,,,,2026,,,,,,,,2 - Sources,2026/02/06,,,,,
Coca-Cola Europacific Philippines,,Talks In Progress,,,,,,Kewen Ysan Tolentino Sy,,,,,,,,0.00,,,,,,,,,2026,,,,,,,,2 - Sources,2026/03/31,,,,,
Comic Con 2026,,Talks In Progress,,,,,,Marinella M. Casabuena,,,,,,,,0.00,,,,,,,,,2026,,,,,,,,3 - Revenue building activities,2026/01/12,,,,,
Converge ICT,,Talks In Progress,267857.142857143,"$4,699.25",,,,Kewen Ysan Tolentino Sy,,,,,,,,"267,857.14",,,,,,,,,2026,,,,,,,,3 - Revenue building activities,2026/02/26,,,,,
CyberAgent,Umamusume Project,Talks In Progress,,,,,,Kewen Ysan Tolentino Sy,,,,,,,,0.00,0.3,0.00,,,,,,PDEI - Marketing,2026,,,,,,,,,,,,,,
Cybercraft PH,,Talks In Progress,,,"Nov 25: Invited to meeting on December 13
April 7: Meeting on April 17",,Dar,,"Carlos Roberto Francisco, David, IV Coscolluela",,,,,,,0.00,0.3,0.00,,,,,,PDEI - Marketing,2026,,,,,Account Associate,₱0.00,$0.00,,,,,,,
DDPAI - Manjean,,Talks In Progress,17857.1428571429,$313.28,,,,Jorge Luis Tesoro,,,,,,,12%,"20,000.00",,,,,,,,,2026,,,,,,,,4 - ITQ/RFQ/RFP,2026/01/28,,,,,
DHL - Supply Chain,,Talks In Progress,,,,,,Marinella M. Casabuena,,,,,,,,0.00,,,,,,,,,2026,,,,,,,,2 - Sources,2026/02/20,,,,,
DKT Philippines,,Talks In Progress,,,,,,Kewen Ysan Tolentino Sy,,,,,,,,0.00,,,,,,,,,2026,,,,,,,,2 - Sources,2026/03/24,,,,,
Deliberados,,Talks In Progress,44642.8571428571,$783.21,,,,Jorge Luis Tesoro,,,,,,,,"44,642.86",,,,,,,,,2026,,,,,,,,3 - Revenue building activities,2026/02/10,,,,,
DigiPlus Interactive Corp,Tournament Event Production,Talks In Progress,,,,,,Marinella M. Casabuena,,,,,,,,0.00,,,,,,,,,2026,,,,,,,,2 - Sources,2026/03/24,,,,,
Digits Trading Corporation,Digital Walker,Talks In Progress,,,,,,Kewen Ysan Tolentino Sy,,,,,,,,0.00,,,,,,,,,2026,,,,,,,,2 - Sources,2026/03/20,,,,,
Digits Trading Corporation,Momax,Talks In Progress,,,,,,Kewen Ysan Tolentino Sy,,,,,,,,0.00,,,,,,,,,2026,,,,,,,,2 - Sources,2026/03/31,,,,,
EO Oprtical - Marketing,,Talks In Progress,,,,,,Kewen Ysan Tolentino Sy,,,,,,,,0.00,,,,,,,,,2026,,,,,,,,2 - Sources,2026/01/20,,,,,
EO Optical,,Talks In Progress,,,,,,Kewen Ysan Tolentino Sy,,,,,,,,0.00,,,,,,,,,2026,,,,,,,,2 - Sources,2026/01/20,,,,,
EO Optical - Influencer Marketing,,Talks In Progress,,,,,,Kewen Ysan Tolentino Sy,,,,,,,,0.00,,,,,,,,,2026,,,,,,,,2 - Sources,2026/01/20,,,,,
Eastwest Banking Corporation,East West Banking Corporation,Talks In Progress,,,,,,Marinella M. Casabuena,,,,,,,,0.00,,,,,,,,,2026,,,,,,,,3 - Revenue building activities,2026/03/05,,,,,
FRRL Industrial Trading Corp.,,Talks In Progress,,,,,,Marinella M. Casabuena,,,,,,,,0.00,,,,,,,,,2026,,,,,,,,2 - Sources,2026/03/11,,,,,
Fantech,,Talks In Progress,,,,,,Marinella M. Casabuena,,,,,,,,0.00,,,,,,,,,2026,,,,,,,,3 - Revenue building activities,2026/01/26,,,,,
GCash,,Talks In Progress,,,,,,Kewen Ysan Tolentino Sy,,,,,,,,0.00,,,,,,,,,2026,,,,,,,,2 - Sources,2026/01/20,,,,,
GameJamPlus,,Talks In Progress,,,,,,Marinella M. Casabuena,,,,,,,,0.00,,,,,,,,,2026,,,,,,,,3 - Revenue building activities,2026/01/31,,,,,
Glanbia Performance Nutrition Philippines,,Talks In Progress,,,,,,Marinella M. Casabuena,,,,,,,,0.00,,,,,,,,,2026,,,,,,,,2 - Sources,2026/04/15,,,,,
Global Play Hub Innovations,Bybet Casino,Talks In Progress,500000,"$8,771.93",,,,Kewen Ysan Tolentino Sy,,,,,,,,"500,000.00",,,,,,,,,2026,,,,,,,,3 - Revenue building activities,2026/03/11,,,,,
Green Cross,,Talks In Progress,,,,,,Kewen Ysan Tolentino Sy,,,,,,,,0.00,,,,,,,,,2026,,,,,,,,2 - Sources,2026/01/26,,,,,
Hero Esports,Hero Esports MLBB Watch Party,Talks In Progress,250000,"$4,385.96",,,,,Marcus Joaquin Viray Gonzales,,,2026TEG-P0070,,,0%,"250,000.00",0.3,"75,000.00",,,,,2026/03/06,PDEI - Esports,2026,,2026/04/16,2026/04/19,,Senior Account Manager,₱0.00,$0.00,,,,,,,
HoYoverse,,Talks In Progress,,,,,,Marinella M. Casabuena,,,,,,,,0.00,,,,,,,,,2026,,,,,,,,3 - Revenue building activities,2026/01/29,,,,,
Honda Motors,,Talks In Progress,,,,,,Kewen Ysan Tolentino Sy,,,,,,,,0.00,,,,,,,,,2026,,,,,,,,2 - Sources,2026/02/06,,,,,
Honor Phone,,Talks In Progress,,,,,,Kewen Ysan Tolentino Sy,,,,,,,,0.00,,,,,,,,,2026,,,,,,,,2 - Sources,2026/02/18,,,,,
Human Nature,,Talks In Progress,,,,,,Kewen Ysan Tolentino Sy,,,,,,,,0.00,,,,,,,,,2026,,,,,,,,2 - Sources,2026/02/06,,,,,
HyperGryph,,Talks In Progress,,,,,,Jorge Luis Tesoro,,,,,,,,0.00,,,,,,,,,2026,,,,,,,,2 - Sources,2026/01/21,,,,,
ICAP - Joyce Custodio,,Talks In Progress,,,,,,Jorge Luis Tesoro,,,,,,,,0.00,,,,,,,,,2026,,,,,,,,2 - Sources,2026/01/13,,,,,
ICAP - Justine Jeliza Espiritu,,Talks In Progress,,,,,,Jorge Luis Tesoro,,,,,,,,0.00,,,,,,,,,2026,,,,,,,,2 - Sources,2026/01/26,,,,,
IQOS,,Talks In Progress,,,,,,Marinella M. Casabuena,,,,,,,,0.00,,,,,,,,,2026,,,,,,,,2 - Sources,2026/02/02,,,,,
Influence Stage,Influence Stage,Talks In Progress,223214.285714286,"$3,916.04",,,,Jorge Luis Tesoro,,,,,,,12%,"250,000.00",0.3,"66,964.29",,,,,2026/04/13,PDEI - Marketing,2026,,,,,,,,4 - ITQ/RFQ/RFP,2026/04/15,,,,Influence Stage,
Intersections,Project Pitch,Talks In Progress,,,"Sep 29: To provide 2026 IPs this Q4
Nov 25: On hold
Nov 25: NDA signed, to make account on dashboard
Jan 20: Kirk to turn over
Jan 20: Forwarded 2026 events to Intersections",,,Marinella M. Casabuena,,,,,,,,0.00,0.3,0.00,,,,,,PDEI - Marketing,2026,,,,,,,,,,,,,,
JBL Philippines - HARMAN International,,Talks In Progress,,,,,,Marinella M. Casabuena,,,,,,,,0.00,,,,,,,,,2026,,,,,,,,3 - Revenue building activities,2026/01/13,,,,,
Japan Tobacco International (JTI),Marketing,Talks In Progress,,,,,,Marinella M. Casabuena,,,,,,,,0.00,,,,,,,,,2026,,,,,,,,2 - Sources,2026/03/24,,,,,
Jollibee Group,Chowking Project,Talks In Progress,,,,,,Marinella M. Casabuena,,,,,,,,0.00,,,,,,,,,2026,,,,,,,,2 - Sources,2026/03/24,,,,,
Klook Philippines - Marketing Campaigns,,Talks In Progress,,,,,,Marinella M. Casabuena,,,,,,,,0.00,,,,,,,,,2026,,,,,,,,2 - Sources,2026/03/24,,,,,
Lalamove,Lalamove Marketing,Talks In Progress,,,,,,Marinella M. Casabuena,,,,,,,,0.00,,,,,,,,,2026,,,,,,,,2 - Sources,2026/03/24,,,,,
Lemon Square PH,,Talks In Progress,,,,,,Kewen Ysan Tolentino Sy,,,,,,,,0.00,,,,,,,,,2026,,,,,,,,2 - Sources,2026/02/09,,,,,
Leslie Corp.,,Talks In Progress,,,,,,Kewen Ysan Tolentino Sy,,,,,,,,0.00,,,,,,,,,2026,,,,,,,,2 - Sources,2026/01/20,,,,,
Liwayway Marketing Corp.,,Talks In Progress,,,,,,Kewen Ysan Tolentino Sy,,,,,,,,0.00,,,,,,,,,2026,,,,,,,,2 - Sources,2026/02/09,,,,,
MNL48 - Abby Trinidad,,Talks In Progress,,,,,,Jorge Luis Tesoro,,,,,,,,0.00,,,,,,,,,2026,,,,,,,,4 - ITQ/RFQ/RFP,2026/01/20,,,,,
Mayora Group,Kopiko,Talks In Progress,,,,,,Marinella M. Casabuena,,,,,,,,0.00,,,,,,,,,2026,,,,,,,,2 - Sources,2026/04/07,,,,,
Mayora Group,Calcheese,Talks In Progress,,,,,,Marinella M. Casabuena,,,,,,,,0.00,,,,,,,,,2026,,,,,,,,2 - Sources,2026/04/07,,,,,
Mega Prime Foods Inc.,Brand Management,Talks In Progress,,,,,,Marinella M. Casabuena,,,,,,,,0.00,,,,,,,,,2026,,,,,,,,2 - Sources,2026/03/24,,,,,
Mineski ID,Tencent Film,Talks In Progress,2.5e+06,"$43,859.65",,,Mineski ID,Vince,,,,,,,,"2,500,000.00",0.3,"750,000.00",,,,,2025/12/01,PDEI - Marketing,2026,,,,,,,,,,,,,,
Minotaur Advertising Inc,Robinsons Fabrication,Talks In Progress,1.33928571428571e+06,"$23,496.24",,,,Kewen Ysan Tolentino Sy,,,,,,,,"1,339,285.71",,,,,,,,,2026,,,,,,,,3 - Revenue building activities,2026/03/03,,,,,
Monde Nissin,,Talks In Progress,89285.7142857143,"$1,566.42",,,,Kewen Ysan Tolentino Sy,,,,,,,,"89,285.71",,,,,,,,,2026,,,,,,,,3 - Revenue building activities,2026/02/18,,,,,
Mountain Dew,,Talks In Progress,,,,,,Marinella M. Casabuena,,,,,,,,0.00,,,,,,,,,2026,,,,,,,,2 - Sources,2026/02/02,,,,,
Nestlé,,Talks In Progress,,,,,,Marinella M. Casabuena,,,,,,,,0.00,,,,,,,,,2026,,,,,,,,2 - Sources,2026/04/15,,,,,
Otsuka-Solar Philippines ,Pocari Sweat,Talks In Progress,,,,,,Marinella M. Casabuena,,,,,,,,0.00,,,,,,,,,2026,,,,,,,,2 - Sources,2026/04/07,,,,,
PLDT Marketing,,Talks In Progress,,,,,,Kewen Ysan Tolentino Sy,,,,,,,,0.00,,,,,,,,,2026,,,,,,,,2 - Sources,2026/02/06,,,,,
POP MART Philippines,,Talks In Progress,,,,,,Marinella M. Casabuena,,,,,,,,0.00,,,,,,,,,2026,,,,,,,,2 - Sources,2026/04/15,,,,,
Peerless Group,,Talks In Progress,,,,,,Marinella M. Casabuena,,,,,,,,0.00,,,,,,,,,2026,,,,,,,,3 - Revenue building activities,2026/01/19,,,,,
"Pilipinas Shell Foundation, Inc. (PSFI)",,Talks In Progress,446428.571428571,"$7,832.08",,,,Marinella M. Casabuena,,,,,,,,"446,428.57",,,,,,,,,2026,,,,,,,,3 - Revenue building activities,2026/02/18,,,,,
Potato Corner,,Talks In Progress,,,,,,Kewen Ysan Tolentino Sy,,,,,,,,0.00,,,,,,,,,2026,,,,,,,,2 - Sources,2026/02/09,,,,,
Project One Studios,GG Truck x Shopee,Talks In Progress,2.5e+06,"$43,859.65",Mar 3: Refered by DragonAI,,,Kewen Ysan Tolentino Sy,,,,,,,12%,"2,800,000.00",0.25,"625,000.00",,,,,2026/02/24,PDEI - Marketing,2026,,,,,,,,4 - ITQ/RFQ/RFP,2026/02/25,,,,,
Publicis Groupe - Philippines,Publicis  Project,Talks In Progress,500000,"$8,771.93",,,,Kewen Ysan Tolentino Sy,,,,,,,,"500,000.00",,,,,,,,,2026,,,,,,,,3 - Revenue building activities,2026/03/11,,,,,
Rakuten Viber,,Talks In Progress,,,,,,Marinella M. Casabuena,,,,,,,,0.00,,,,,,,,,2026,,,,,,,,2 - Sources,2026/04/15,,,,,
Rebisco Biscuits and Crackers,,Talks In Progress,,,,,,Kewen Ysan Tolentino Sy,,,,,,,,0.00,,,,,,,,,2026,,,,,,,,2 - Sources,2026/01/26,,,,,
"Rebisco Group of Companies, Inc.",,Talks In Progress,,,,,,Marinella M. Casabuena,,,,,,,,0.00,,,,,,,,,2026,,,,,,,,2 - Sources,2026/03/31,,,,,
Red Bull PH,,Talks In Progress,,,,,,Marinella M. Casabuena,,,,,,,,0.00,,,,,,,,,2026,,,,,,,,3 - Revenue building activities,2026/01/26,,,,,
Red Five Digital,,Talks In Progress,,,,,,Jorge Luis Tesoro,,,,,,,,0.00,,,,,,,,,2026,,,,,,,,2 - Sources,2026/01/13,,,,,
Reggie Uy,Undisclosed Project,Talks In Progress,446428.571428571,"$7,832.08",,,,Kewen Ysan Tolentino Sy,,,,,,,,"446,428.57",,,,,,,,,2026,,,,,,,,3 - Revenue building activities,2026/04/15,,,,,
Republic Biscuit Corporation,,Talks In Progress,,,,,,Kewen Ysan Tolentino Sy,,,,,,,,0.00,,,,,,,,,2026,,,,,,,,2 - Sources,2026/03/24,,,,,
Richprime Global Incorporated,Barbie PH Event,Talks In Progress,,,,,,Marinella M. Casabuena,,,,,,,,0.00,,,,,,,,,2026,,,,,,,,2 - Sources,2026/03/31,,,,,
Rock Space,,Talks In Progress,,,,,,Kewen Ysan Tolentino Sy,,,,,,,,0.00,,,,,,,,,2026,,,,,,,,2 - Sources,2026/02/09,,,,,
SMC - San Miguel Foods,,Talks In Progress,267857.142857143,"$4,699.25",,,,Kewen Ysan Tolentino Sy,,,,,,,,"267,857.14",,,,,,,,,2026,,,,,,,,3 - Revenue building activities,2026/02/15,,,,,
San Miguel Foods,Activations,Talks In Progress,,,Jan 23: Provided latest information to client for accreditation,,,,,,,,,,,0.00,,,,,,,,PDEI - Marketing,2026,,,,,,,,,,,,,,
Selecta,,Talks In Progress,,,,,,Kewen Ysan Tolentino Sy,,,,,,,,0.00,,,,,,,,,2026,,,,,,,,2 - Sources,2026/01/26,,,,,
Shopee,Shopee PR,Talks In Progress,,,,,,Marinella M. Casabuena,,,,,,,,0.00,,,,,,,,,2026,,,,,,,,2 - Sources,2026/03/24,,,,,
SiGMA Asia,SiGMA Asia Event,Talks In Progress,1e+06,"$17,543.86",,,,Kewen Ysan Tolentino Sy,,,,,,,,"1,000,000.00",,,,,,,,,2026,,,,,,,,3 - Revenue building activities,2026/03/17,,,,,
Skeencare,,Talks In Progress,,,,,,Jorge Luis Tesoro,,,,,,,,0.00,,,,,,,,,2026,,,,,,,,2 - Sources,2026/01/26,,,,,
Solaire,Solaire KPOP Fan Meet,Talks In Progress,2e+06,"$35,087.72","Deadline: Dec 3
Dec 5: Deck submitted",,Dar,Marinella M. Casabuena,,,,,,,,"2,000,000.00",0.3,"600,000.00",,,,,2025/11/27,PDEI - Marketing,2026,,,,,,,,,,,,,,
Solaire,KissU* IP,Talks In Progress,,,,,,,,,,,,,,0.00,0.3,0.00,,,,DECK - https://docs.google.com/presentation/d/15gV7fP_xZXmBojSB8WW_wQ6CSkbqm1MMopF3p-EDBsA/edit?usp=sharing,2025/11/24,PDEI - Marketing,2026,,,,,,,,,,,,,,
Special Force 2 PH,,Talks In Progress,,,,,,Marinella M. Casabuena,,,,,,,,0.00,,,,,,,,,2026,,,,,,,,3 - Revenue building activities,2026/01/12,,,,,
TROPICFRILLS FILM PRODUCTIONS,,Talks In Progress,44642.8571428571,$783.21,,,,Jorge Luis Tesoro,,,,,,,,"44,642.86",,,,,,,,,2026,,,,,,,,3 - Revenue building activities,2026/02/09,,,,,
TRUST,,Talks In Progress,357142.857142857,"$6,265.66",,,,Kewen Ysan Tolentino Sy,,,,,,,,"357,142.86",,,,,,,,,2026,,,,,,,,3 - Revenue building activities,2026/02/18,,,,,
Tencent,HOK KIC 2026 (PH rebroadcast),Talks In Progress,1.5e+06,"$26,315.79",,,,,Carla Andrea Calma Crespo,,,,,,0%,"1,500,000.00",0.35,"525,000.00",,,,,2026/02/18,PDEI - Tencent,2026,,,,,Account Associate,₱0.00,$0.00,,,,,,,
Tencent,EWC-KWC 2026 (PH rebroadcast),Talks In Progress,850000,"$14,912.28",,,,,Carla Andrea Calma Crespo,,,,,,0%,"850,000.00",0.35,"297,500.00",,,,,2026/02/18,PDEI - Tencent,2026,,,,,Account Associate,₱0.00,$0.00,,,,,,,
"Terry SA, Inc",Havaianas,Talks In Progress,,,,,,Marinella M. Casabuena,,,,,,,,0.00,,,,,,,,,2026,,,,,,,,2 - Sources,2026/04/07,,,,,
TikTok (Philippines),,Talks In Progress,,,,,,Marinella M. Casabuena,,,,,,,,0.00,,,,,,,,,2026,,,,,,,,2 - Sources,2026/02/12,,,,,
URC Powdered Beverages,,Talks In Progress,,,,,,Kewen Ysan Tolentino Sy,,,,,,,,0.00,,,,,,,,,2026,,,,,,,,2 - Sources,2026/01/16,,,,,
URC RTD Beverages,,Talks In Progress,,,,,,Kewen Ysan Tolentino Sy,,,,,,,,0.00,,,,,,,,,2026,,,,,,,,2 - Sources,2026/01/16,,,,,
URC Snacks,,Talks In Progress,,,,,,Kewen Ysan Tolentino Sy,,,,,,,,0.00,,,,,,,,,2026,,,,,,,,2 - Sources,2026/03/31,,,,,
Ubisoft,,Talks In Progress,89285.7142857143,"$1,566.42",,,,Jorge Luis Tesoro,,,,,,,,"89,285.71",,,,,,,,,2026,,,,,,,,3 - Revenue building activities,2026/02/24,,,,,
Vans Philippines,,Talks In Progress,133928.571428571,"$2,349.62",,,,Jorge Luis Tesoro,,,,,,,,"133,928.57",,,,,,,,,2026,,,,,,,,3 - Revenue building activities,2026/02/10,,,,,
Wargaming,,Talks In Progress,89285.7142857143,"$1,566.42",,,,Jorge Luis Tesoro,,,,,,,,"89,285.71",,,,,,,,,2026,,,,,,,,3 - Revenue building activities,2026/02/24,,,,,
Xiaomi - Manjean,,Talks In Progress,17857.1428571429,$313.28,,,,Jorge Luis Tesoro,,,,,,,12%,"20,000.00",,,,,,,,,2026,,,,,,,,4 - ITQ/RFQ/RFP,2026/01/26,,,,,
Xsolla,User Acquisition Partnership,Talks In Progress,,,"Nov 25: NDA signed, to make account on dashboard
Jan 20: Kirk to turn over",,"Ella, Kirk",Marinella M. Casabuena,"Carlos Roberto Francisco, David, IV Coscolluela",,,,,,,0.00,0.3,0.00,,,,,,PDEI - Marketing,2026,,,,,Account Associate,₱0.00,$0.00,,,,,,,
Yamaha,,Talks In Progress,,,,,,Kewen Ysan Tolentino Sy,,,,,,,,0.00,,,,,,,,,2026,,,,,,,,2 - Sources,2026/01/26,,,,,
Yamaha Motor Philippines Inc.,,Talks In Progress,,,,,,Kewen Ysan Tolentino Sy,,,,,,,,0.00,,,,,,,,,2026,,,,,,,,2 - Sources,2026/03/24,,,,,
DigiPlus,Arena Plus Livestream Promotion - KOL,Talent Sourcing,400000,"$7,017.54",,,,Jorge Luis Tesoro,,,,,,,,"400,000.00",,,,,,,,,2026,,,,,,,,4 - ITQ/RFQ/RFP,2026/04/15,,,,,
Jobstreet KOL,Jobstreet Level Up Collegiate Tournament (Level 2) KOL,Talent Sourcing,29464.2857142857,$516.92,,,,Jorge Luis Tesoro,,,,,,,,"29,464.29",,,,,,,,,2026,,,,,,,,4 - ITQ/RFQ/RFP,2026/03/02,,,,,
Moonton Philippines Technology Inc.,MPL S17 KOL,Talent Sourcing,44642.8571428571,$783.21,,,,Jorge Luis Tesoro,,,,,,,,"44,642.86",,,,,,,,,2026,,,,,,,,4 - ITQ/RFQ/RFP,2026/03/02,,,,,
Moxie KOL,Moxie 2026 KOL,Talent Sourcing,4.46428571e+06,"$78,320.80",,,,Jorge Luis Tesoro,,,,,,,,"4,464,285.71",,,,,,,,,2026,,,,,,,,4 - ITQ/RFQ/RFP,2026/02/25,,,,,
PCWORX KOL,PCWORX Mall Activation KOL,Talent Sourcing,892857.142857143,"$15,664.16",,,,Jorge Luis Tesoro,,,,,,,,"892,857.14",,,,,,,,,2026,,,,,,,,4 - ITQ/RFQ/RFP,2026/02/17,,,,,
Philippine Seven Corporation,7-Eleven Philippines Proposal KOL,Talent Sourcing,1.78571428571429e+06,"$31,328.32",,,,Jorge Luis Tesoro,,,,,,,,"1,785,714.29",,,,,,,,,2026,,,,,,,,4 - ITQ/RFQ/RFP,2026/02/18,,,,,
SM Cyberzone KOL,SM Cyberzone Tabletop Throwdown,Talent Sourcing,2.71648454e+06,"$47,657.62",,,,Jorge Luis Tesoro,,,,,,,,"2,716,484.54",,,,,,,,,2026,,,,,,,,4 - ITQ/RFQ/RFP,2026/02/12,,,,,
Samsung KOL,Samsung MLBB Rising League - Neigborhood Map,Talent Sourcing,178571.428571429,"$3,132.83",,,,Jorge Luis Tesoro,,,,,,,,"178,571.43",,,,,,,,,2026,,,,,,,,3 - Revenue building activities,2026/03/10,,,,,
Tencent KOL,HOK PKL KOL,Talent Sourcing,485150,"$8,511.40",,,,Jorge Luis Tesoro,,,,,,,,"485,150.00",,,,,,,,,2026,,,,,,,,4 - ITQ/RFQ/RFP,2026/03/10,,,,,
Tencent KOL,PUBGM KOL,Talent Sourcing,216600,"$3,800.00",,,,Jorge Luis Tesoro,,,,,,,,"216,600.00",,,,,,,,,2026,,,,,,,,4 - ITQ/RFQ/RFP,2026/03/17,,,,,
,,,,,,,,,,,,,,,,0.00,,,,,,,,,,,,,,,,,,,,,,,
,,,,,,,,,,,,,,,,0.00,,,,,,,,,,,,,,,,,,,,,,,
,,,,,,,,,,,,,,,,0.00,,,,,,,,,2026,,,,,,,,,,,,,,
